LCLid,tstp,energy(kWh/hh)
MAC000323,2012-03-06 14:00:00.0000000, 0.488
MAC000323,2012-03-06 14:30:00.0000000, 0.449
MAC000323,2012-03-06 15:00:00.0000000, 0.424
MAC000323,2012-03-06 15:30:00.0000000, 0.439
MAC000323,2012-03-06 16:00:00.0000000, 0.291
MAC000323,2012-03-06 16:30:00.0000000, 0.262
MAC000323,2012-03-06 17:00:00.0000000, 0.308
MAC000323,2012-03-06 17:30:00.0000000, 0.138
MAC000323,2012-03-06 18:00:00.0000000, 0.404
MAC000323,2012-03-06 18:30:00.0000000, 0.714
MAC000323,2012-03-06 19:00:00.0000000, 0.69
MAC000323,2012-03-06 19:30:00.0000000, 0.779
MAC000323,2012-03-06 20:00:00.0000000, 0.862
MAC000323,2012-03-06 20:30:00.0000000, 0.908
MAC000323,2012-03-06 21:00:00.0000000, 0.8
MAC000323,2012-03-06 21:30:00.0000000, 0.793
MAC000323,2012-03-06 22:00:00.0000000, 0.888
MAC000323,2012-03-06 22:30:00.0000000, 0.726
MAC000323,2012-03-06 23:00:00.0000000, 0.604
MAC000323,2012-03-06 23:30:00.0000000, 0.387
MAC000323,2012-03-07 00:00:00.0000000, 0.15
MAC000323,2012-03-07 00:30:00.0000000, 0.114
MAC000323,2012-03-07 01:00:00.0000000, 0.054
MAC000323,2012-03-07 01:30:00.0000000, 0.107
MAC000323,2012-03-07 02:00:00.0000000, 0.107
MAC000323,2012-03-07 02:30:00.0000000, 0.078
MAC000323,2012-03-07 03:00:00.0000000, 0.082
MAC000323,2012-03-07 03:30:00.0000000, 0.105
MAC000323,2012-03-07 04:00:00.0000000, 0.099
MAC000323,2012-03-07 04:30:00.0000000, 0.061
MAC000323,2012-03-07 05:00:00.0000000, 0.107
MAC000323,2012-03-07 05:30:00.0000000, 0.094
MAC000323,2012-03-07 06:00:00.0000000, 0.645
MAC000323,2012-03-07 06:30:00.0000000, 0.819
MAC000323,2012-03-07 07:00:00.0000000, 0.441
MAC000323,2012-03-07 07:30:00.0000000, 0.453
MAC000323,2012-03-07 08:00:00.0000000, 0.314
MAC000323,2012-03-07 08:30:00.0000000, 0.344
MAC000323,2012-03-07 09:00:00.0000000, 0.474
MAC000323,2012-03-07 09:30:00.0000000, 1.052
MAC000323,2012-03-07 10:00:00.0000000, 0.136
MAC000323,2012-03-07 10:30:00.0000000, 0.809
MAC000323,2012-03-07 11:00:00.0000000, 0.164
MAC000323,2012-03-07 11:30:00.0000000, 0.247
MAC000323,2012-03-07 12:00:00.0000000, 0.243
MAC000323,2012-03-07 12:30:00.0000000, 0.716
MAC000323,2012-03-07 13:00:00.0000000, 0.196
MAC000323,2012-03-07 13:30:00.0000000, 0.122
MAC000323,2012-03-07 14:00:00.0000000, 0.141
MAC000323,2012-03-07 14:30:00.0000000, 0.181
MAC000323,2012-03-07 15:00:00.0000000, 0.094
MAC000323,2012-03-07 15:30:00.0000000, 0.061
MAC000323,2012-03-07 16:00:00.0000000, 0.103
MAC000323,2012-03-07 16:30:00.0000000, 0.147
MAC000323,2012-03-07 17:00:00.0000000, 0.076
MAC000323,2012-03-07 17:30:00.0000000, 0.472
MAC000323,2012-03-07 18:00:00.0000000, 0.577
MAC000323,2012-03-07 18:30:00.0000000, 0.755
MAC000323,2012-03-07 19:00:00.0000000, 1.475
MAC000323,2012-03-07 19:30:00.0000000, 1.199
MAC000323,2012-03-07 20:00:00.0000000, 0.925
MAC000323,2012-03-07 20:30:00.0000000, 0.701
MAC000323,2012-03-07 21:00:00.0000000, 0.744
MAC000323,2012-03-07 21:30:00.0000000, 0.655
MAC000323,2012-03-07 22:00:00.0000000, 0.686
MAC000323,2012-03-07 22:30:00.0000000, 0.711
MAC000323,2012-03-07 23:00:00.0000000, 0.397
MAC000323,2012-03-07 23:30:00.0000000, 0.098
MAC000323,2012-03-08 00:00:00.0000000, 0.111
MAC000323,2012-03-08 00:30:00.0000000, 0.088
MAC000323,2012-03-08 01:00:00.0000000, 0.066
MAC000323,2012-03-08 01:30:00.0000000, 0.105
MAC000323,2012-03-08 02:00:00.0000000, 0.113
MAC000323,2012-03-08 02:30:00.0000000, 0.059
MAC000323,2012-03-08 03:00:00.0000000, 0.093
MAC000323,2012-03-08 03:30:00.0000000, 0.112
MAC000323,2012-03-08 04:00:00.0000000, 0.078
MAC000323,2012-03-08 04:30:00.0000000, 0.075
MAC000323,2012-03-08 05:00:00.0000000, 0.11
MAC000323,2012-03-08 05:30:00.0000000, 0.109
MAC000323,2012-03-08 06:00:00.0000000, 0.056
MAC000323,2012-03-08 06:30:00.0000000, 0.104
MAC000323,2012-03-08 07:00:00.0000000, 0.169
MAC000323,2012-03-08 07:30:00.0000000, 0.305
MAC000323,2012-03-08 08:00:00.0000000, 0.375
MAC000323,2012-03-08 08:30:00.0000000, 0.225
MAC000323,2012-03-08 09:00:00.0000000, 0.105
MAC000323,2012-03-08 09:30:00.0000000, 0.17
MAC000323,2012-03-08 10:00:00.0000000, 0.339
MAC000323,2012-03-08 10:30:00.0000000, 0.26
MAC000323,2012-03-08 11:00:00.0000000, 0.329
MAC000323,2012-03-08 11:30:00.0000000, 0.42
MAC000323,2012-03-08 12:00:00.0000000, 0.356
MAC000323,2012-03-08 12:30:00.0000000, 0.231
MAC000323,2012-03-08 13:00:00.0000000, 0.094
MAC000323,2012-03-08 13:30:00.0000000, 0.108
MAC000323,2012-03-08 14:00:00.0000000, 0.092
MAC000323,2012-03-08 14:30:00.0000000, 0.081
MAC000323,2012-03-08 15:00:00.0000000, 0.111
MAC000323,2012-03-08 15:30:00.0000000, 0.084
MAC000323,2012-03-08 16:00:00.0000000, 0.131
MAC000323,2012-03-08 16:30:00.0000000, 0.228
MAC000323,2012-03-08 17:00:00.0000000, 0.1
MAC000323,2012-03-08 17:30:00.0000000, 0.27
MAC000323,2012-03-08 18:00:00.0000000, 0.387
MAC000323,2012-03-08 18:30:00.0000000, 0.471
MAC000323,2012-03-08 19:00:00.0000000, 0.496
MAC000323,2012-03-08 19:30:00.0000000, 1.0319999
MAC000323,2012-03-08 20:00:00.0000000, 0.564
MAC000323,2012-03-08 20:30:00.0000000, 0.608
MAC000323,2012-03-08 21:00:00.0000000, 0.691
MAC000323,2012-03-08 21:30:00.0000000, 0.596
MAC000323,2012-03-08 22:00:00.0000000, 0.7
MAC000323,2012-03-08 22:30:00.0000000, 1.086
MAC000323,2012-03-08 23:00:00.0000000, 0.63
MAC000323,2012-03-08 23:30:00.0000000, 0.842
MAC000323,2012-03-09 00:00:00.0000000, 0.699
MAC000323,2012-03-09 00:30:00.0000000, 0.462
MAC000323,2012-03-09 01:00:00.0000000, 0.117
MAC000323,2012-03-09 01:30:00.0000000, 0.108
MAC000323,2012-03-09 02:00:00.0000000, 0.081
MAC000323,2012-03-09 02:30:00.0000000, 0.086
MAC000323,2012-03-09 03:00:00.0000000, 0.102
MAC000323,2012-03-09 03:30:00.0000000, 0.09
MAC000323,2012-03-09 04:00:00.0000000, 0.068
MAC000323,2012-03-09 04:30:00.0000000, 0.107
MAC000323,2012-03-09 05:00:00.0000000, 0.092
MAC000323,2012-03-09 05:30:00.0000000, 0.078
MAC000323,2012-03-09 06:00:00.0000000, 0.103
MAC000323,2012-03-09 06:30:00.0000000, 0.085
MAC000323,2012-03-09 07:00:00.0000000, 0.163
MAC000323,2012-03-09 07:30:00.0000000, 0.152
MAC000323,2012-03-09 08:00:00.0000000, 0.291
MAC000323,2012-03-09 08:30:00.0000000, 0.167
MAC000323,2012-03-09 09:00:00.0000000, 0.324
MAC000323,2012-03-09 09:30:00.0000000, 0.123
MAC000323,2012-03-09 10:00:00.0000000, 0.142
MAC000323,2012-03-09 10:30:00.0000000, 0.196
MAC000323,2012-03-09 11:00:00.0000000, 0.272
MAC000323,2012-03-09 11:30:00.0000000, 0.318
MAC000323,2012-03-09 12:00:00.0000000, 0.264
MAC000323,2012-03-09 12:30:00.0000000, 0.241
MAC000323,2012-03-09 13:00:00.0000000, 0.241
MAC000323,2012-03-09 13:30:00.0000000, 0.257
MAC000323,2012-03-09 14:00:00.0000000, 0.197
MAC000323,2012-03-09 14:30:00.0000000, 0.237
MAC000323,2012-03-09 15:00:00.0000000, 0.224
MAC000323,2012-03-09 15:30:00.0000000, 0.285
MAC000323,2012-03-09 16:00:00.0000000, 0.276
MAC000323,2012-03-09 16:30:00.0000000, 0.345
MAC000323,2012-03-09 17:00:00.0000000, 0.691
MAC000323,2012-03-09 17:30:00.0000000, 0.751
MAC000323,2012-03-09 18:00:00.0000000, 0.714
MAC000323,2012-03-09 18:30:00.0000000, 1.5779999
MAC000323,2012-03-09 19:00:00.0000000, 1.587
MAC000323,2012-03-09 19:30:00.0000000, 1.4450001
MAC000323,2012-03-09 20:00:00.0000000, 1.081
MAC000323,2012-03-09 20:30:00.0000000, 1.022
MAC000323,2012-03-09 21:00:00.0000000, 0.772
MAC000323,2012-03-09 21:30:00.0000000, 0.684
MAC000323,2012-03-09 22:00:00.0000000, 0.731
MAC000323,2012-03-09 22:30:00.0000000, 0.849
MAC000323,2012-03-09 23:00:00.0000000, 0.745
MAC000323,2012-03-09 23:30:00.0000000, 0.7
MAC000323,2012-03-10 00:00:00.0000000, 0.614
MAC000323,2012-03-10 00:30:00.0000000, 0.608
MAC000323,2012-03-10 01:00:00.0000000, 0.488
MAC000323,2012-03-10 01:30:00.0000000, 0.371
MAC000323,2012-03-10 02:00:00.0000000, 0.111
MAC000323,2012-03-10 02:30:00.0000000, 0.128
MAC000323,2012-03-10 03:00:00.0000000, 0.245
MAC000323,2012-03-10 03:30:00.0000000, 0.226
MAC000323,2012-03-10 04:00:00.0000000, 0.258
MAC000323,2012-03-10 04:30:00.0000000, 0.259
MAC000323,2012-03-10 05:00:00.0000000, 0.242
MAC000323,2012-03-10 05:30:00.0000000, 0.251
MAC000323,2012-03-10 06:00:00.0000000, 0.337
MAC000323,2012-03-10 06:30:00.0000000, 0.322
MAC000323,2012-03-10 07:00:00.0000000, 0.471
MAC000323,2012-03-10 07:30:00.0000000, 0.463
MAC000323,2012-03-10 08:00:00.0000000, 0.435
MAC000323,2012-03-10 08:30:00.0000000, 0.451
MAC000323,2012-03-10 09:00:00.0000000, 0.323
MAC000323,2012-03-10 09:30:00.0000000, 0.065
MAC000323,2012-03-10 10:00:00.0000000, 0.105
MAC000323,2012-03-10 10:30:00.0000000, 0.13
MAC000323,2012-03-10 11:00:00.0000000, 0.122
MAC000323,2012-03-10 11:30:00.0000000, 0.131
MAC000323,2012-03-10 12:00:00.0000000, 0.14
MAC000323,2012-03-10 12:30:00.0000000, 0.133
MAC000323,2012-03-10 13:00:00.0000000, 0.115
MAC000323,2012-03-10 13:30:00.0000000, 0.061
MAC000323,2012-03-10 14:00:00.0000000, 0.101
MAC000323,2012-03-10 14:30:00.0000000, 0.149
MAC000323,2012-03-10 15:00:00.0000000, 0.118
MAC000323,2012-03-10 15:30:00.0000000, 0.069
MAC000323,2012-03-10 16:00:00.0000000, 0.099
MAC000323,2012-03-10 16:30:00.0000000, 0.162
MAC000323,2012-03-10 17:00:00.0000000, 0.291
MAC000323,2012-03-10 17:30:00.0000000, 0.093
MAC000323,2012-03-10 18:00:00.0000000, 0.479
MAC000323,2012-03-10 18:30:00.0000000, 0.751
MAC000323,2012-03-10 19:00:00.0000000, 0.691
MAC000323,2012-03-10 19:30:00.0000000, 0.902
MAC000323,2012-03-10 20:00:00.0000000, 0.933
MAC000323,2012-03-10 20:30:00.0000000, 1.166
MAC000323,2012-03-10 21:00:00.0000000, 1.189
MAC000323,2012-03-10 21:30:00.0000000, 1.222
MAC000323,2012-03-10 22:00:00.0000000, 0.619
MAC000323,2012-03-10 22:30:00.0000000, 0.472
MAC000323,2012-03-10 23:00:00.0000000, 0.555
MAC000323,2012-03-10 23:30:00.0000000, 0.277
MAC000323,2012-03-11 00:00:00.0000000, 0.106
MAC000323,2012-03-11 00:30:00.0000000, 0.064
MAC000323,2012-03-11 01:00:00.0000000, 0.114
MAC000323,2012-03-11 01:30:00.0000000, 0.138
MAC000323,2012-03-11 02:00:00.0000000, 0.097
MAC000323,2012-03-11 02:30:00.0000000, 0.062
MAC000323,2012-03-11 03:00:00.0000000, 0.113
MAC000323,2012-03-11 03:30:00.0000000, 0.147
MAC000323,2012-03-11 04:00:00.0000000, 0.088
MAC000323,2012-03-11 04:30:00.0000000, 0.061
MAC000323,2012-03-11 05:00:00.0000000, 0.109
MAC000323,2012-03-11 05:30:00.0000000, 0.151
MAC000323,2012-03-11 06:00:00.0000000, 0.071
MAC000323,2012-03-11 06:30:00.0000000, 0.056
MAC000323,2012-03-11 07:00:00.0000000, 0.391
MAC000323,2012-03-11 07:30:00.0000000, 0.359
MAC000323,2012-03-11 08:00:00.0000000, 0.267
MAC000323,2012-03-11 08:30:00.0000000, 0.377
MAC000323,2012-03-11 09:00:00.0000000, 0.254
MAC000323,2012-03-11 09:30:00.0000000, 0.179
MAC000323,2012-03-11 10:00:00.0000000, 0.136
MAC000323,2012-03-11 10:30:00.0000000, 0.227
MAC000323,2012-03-11 11:00:00.0000000, 0.329
MAC000323,2012-03-11 11:30:00.0000000, 0.202
MAC000323,2012-03-11 12:00:00.0000000, 0.163
MAC000323,2012-03-11 12:30:00.0000000, 0.167
MAC000323,2012-03-11 13:00:00.0000000, 0.249
MAC000323,2012-03-11 13:30:00.0000000, 0.698
MAC000323,2012-03-11 14:00:00.0000000, 0.329
MAC000323,2012-03-11 14:30:00.0000000, 0.095
MAC000323,2012-03-11 15:00:00.0000000, 0.125
MAC000323,2012-03-11 15:30:00.0000000, 0.17
MAC000323,2012-03-11 16:00:00.0000000, 0.096
MAC000323,2012-03-11 16:30:00.0000000, 0.101
MAC000323,2012-03-11 17:00:00.0000000, 0.136
MAC000323,2012-03-11 17:30:00.0000000, 0.135
MAC000323,2012-03-11 18:00:00.0000000, 0.071
MAC000323,2012-03-11 18:30:00.0000000, 0.875
MAC000323,2012-03-11 19:00:00.0000000, 1.286
MAC000323,2012-03-11 19:30:00.0000000, 1.272
MAC000323,2012-03-11 20:00:00.0000000, 1.694
MAC000323,2012-03-11 20:30:00.0000000, 1.9400001
MAC000323,2012-03-11 21:00:00.0000000, 1.8839999
MAC000323,2012-03-11 21:30:00.0000000, 1.01
MAC000323,2012-03-11 22:00:00.0000000, 0.731
MAC000323,2012-03-11 22:30:00.0000000, 0.812
MAC000323,2012-03-11 23:00:00.0000000, 0.732
MAC000323,2012-03-11 23:30:00.0000000, 0.274
MAC000323,2012-03-12 00:00:00.0000000, 0.146
MAC000323,2012-03-12 00:30:00.0000000, 0.125
MAC000323,2012-03-12 01:00:00.0000000, 0.079
MAC000323,2012-03-12 01:30:00.0000000, 0.105
MAC000323,2012-03-12 02:00:00.0000000, 0.116
MAC000323,2012-03-12 02:30:00.0000000, 0.074
MAC000323,2012-03-12 03:00:00.0000000, 0.082
MAC000323,2012-03-12 03:30:00.0000000, 0.105
MAC000323,2012-03-12 04:00:00.0000000, 0.129
MAC000323,2012-03-12 04:30:00.0000000, 0.057
MAC000323,2012-03-12 05:00:00.0000000, 0.093
MAC000323,2012-03-12 05:30:00.0000000, 0.131
MAC000323,2012-03-12 06:00:00.0000000, 0.103
MAC000323,2012-03-12 06:30:00.0000000, 0.399
MAC000323,2012-03-12 07:00:00.0000000, 0.281
MAC000323,2012-03-12 07:30:00.0000000, 0.674
MAC000323,2012-03-12 08:00:00.0000000, 0.318
MAC000323,2012-03-12 08:30:00.0000000, 0.814
MAC000323,2012-03-12 09:00:00.0000000, 0.384
MAC000323,2012-03-12 09:30:00.0000000, 0.709
MAC000323,2012-03-12 10:00:00.0000000, 0.194
MAC000323,2012-03-12 10:30:00.0000000, 0.202
MAC000323,2012-03-12 11:00:00.0000000, 0.953
MAC000323,2012-03-12 11:30:00.0000000, 0.346
MAC000323,2012-03-12 12:00:00.0000000, 0.249
MAC000323,2012-03-12 12:30:00.0000000, 0.262
MAC000323,2012-03-12 13:00:00.0000000, 0.196
MAC000323,2012-03-12 13:30:00.0000000, 0.301
MAC000323,2012-03-12 14:00:00.0000000, 0.273
MAC000323,2012-03-12 14:30:00.0000000, 0.123
MAC000323,2012-03-12 15:00:00.0000000, 0.161
MAC000323,2012-03-12 15:30:00.0000000, 0.202
MAC000323,2012-03-12 16:00:00.0000000, 0.161
MAC000323,2012-03-12 16:30:00.0000000, 0.12
MAC000323,2012-03-12 17:00:00.0000000, 0.18
MAC000323,2012-03-12 17:30:00.0000000, 0.21
MAC000323,2012-03-12 18:00:00.0000000, 0.956
MAC000323,2012-03-12 18:30:00.0000000, 0.787
MAC000323,2012-03-12 19:00:00.0000000, 1.049
MAC000323,2012-03-12 19:30:00.0000000, 1.433
MAC000323,2012-03-12 20:00:00.0000000, 2.454
MAC000323,2012-03-12 20:30:00.0000000, 1.604
MAC000323,2012-03-12 21:00:00.0000000, 1.1210001
MAC000323,2012-03-12 21:30:00.0000000, 1.235
MAC000323,2012-03-12 22:00:00.0000000, 1.245
MAC000323,2012-03-12 22:30:00.0000000, 1.17
MAC000323,2012-03-12 23:00:00.0000000, 1.104
MAC000323,2012-03-12 23:30:00.0000000, 1.016
MAC000323,2012-03-13 00:00:00.0000000, 0.451
MAC000323,2012-03-13 00:30:00.0000000, 0.23
MAC000323,2012-03-13 01:00:00.0000000, 0.17
MAC000323,2012-03-13 01:30:00.0000000, 0.254
MAC000323,2012-03-13 02:00:00.0000000, 0.196
MAC000323,2012-03-13 02:30:00.0000000, 0.142
MAC000323,2012-03-13 03:00:00.0000000, 0.148
MAC000323,2012-03-13 03:30:00.0000000, 0.121
MAC000323,2012-03-13 04:00:00.0000000, 0.098
MAC000323,2012-03-13 04:30:00.0000000, 0.092
MAC000323,2012-03-13 05:00:00.0000000, 0.101
MAC000323,2012-03-13 05:30:00.0000000, 0.115
MAC000323,2012-03-13 06:00:00.0000000, 0.096
MAC000323,2012-03-13 06:30:00.0000000, 0.072
MAC000323,2012-03-13 07:00:00.0000000, 0.183
MAC000323,2012-03-13 07:30:00.0000000, 0.284
MAC000323,2012-03-13 08:00:00.0000000, 0.257
MAC000323,2012-03-13 08:30:00.0000000, 0.461
MAC000323,2012-03-13 09:00:00.0000000, 0.634
MAC000323,2012-03-13 09:30:00.0000000, 0.521
MAC000323,2012-03-13 10:00:00.0000000, 0.52
MAC000323,2012-03-13 10:30:00.0000000, 0.771
MAC000323,2012-03-13 11:00:00.0000000, 0.655
MAC000323,2012-03-13 11:30:00.0000000, 0.705
MAC000323,2012-03-13 12:00:00.0000000, 0.473
MAC000323,2012-03-13 12:30:00.0000000, 0.428
MAC000323,2012-03-13 13:00:00.0000000, 0.386
MAC000323,2012-03-13 13:30:00.0000000, 0.361
MAC000323,2012-03-13 14:00:00.0000000, 0.253
MAC000323,2012-03-13 14:30:00.0000000, 0.915
MAC000323,2012-03-13 15:00:00.0000000, 0.2
MAC000323,2012-03-13 15:30:00.0000000, 0.864
MAC000323,2012-03-13 16:00:00.0000000, 0.185
MAC000323,2012-03-13 16:30:00.0000000, 0.154
MAC000323,2012-03-13 17:00:00.0000000, 0.188
MAC000323,2012-03-13 17:30:00.0000000, 0.163
MAC000323,2012-03-13 18:00:00.0000000, 0.126
MAC000323,2012-03-13 18:30:00.0000000, 0.183
MAC000323,2012-03-13 19:00:00.0000000, 0.198
MAC000323,2012-03-13 19:30:00.0000000, 0.126
MAC000323,2012-03-13 20:00:00.0000000, 0.129
MAC000323,2012-03-13 20:30:00.0000000, 0.202
MAC000323,2012-03-13 21:00:00.0000000, 0.163
MAC000323,2012-03-13 21:30:00.0000000, 0.123
MAC000323,2012-03-13 22:00:00.0000000, 0.162
MAC000323,2012-03-13 22:30:00.0000000, 0.199
MAC000323,2012-03-13 23:00:00.0000000, 0.134
MAC000323,2012-03-13 23:30:00.0000000, 0.103
MAC000323,2012-03-14 00:00:00.0000000, 0.145
MAC000323,2012-03-14 00:30:00.0000000, 0.104
MAC000323,2012-03-14 01:00:00.0000000, 0.063
MAC000323,2012-03-14 01:30:00.0000000, 0.096
MAC000323,2012-03-14 02:00:00.0000000, 0.137
MAC000323,2012-03-14 02:30:00.0000000, 0.078
MAC000323,2012-03-14 03:00:00.0000000, 0.062
MAC000323,2012-03-14 03:30:00.0000000, 0.137
MAC000323,2012-03-14 04:00:00.0000000, 0.108
MAC000323,2012-03-14 04:30:00.0000000, 0.065
MAC000323,2012-03-14 05:00:00.0000000, 0.097
MAC000323,2012-03-14 05:30:00.0000000, 0.142
MAC000323,2012-03-14 06:00:00.0000000, 0.077
MAC000323,2012-03-14 06:30:00.0000000, 0.063
MAC000323,2012-03-14 07:00:00.0000000, 0.227
MAC000323,2012-03-14 07:30:00.0000000, 0.211
MAC000323,2012-03-14 08:00:00.0000000, 0.119
MAC000323,2012-03-14 08:30:00.0000000, 0.143
MAC000323,2012-03-14 09:00:00.0000000, 0.131
MAC000323,2012-03-14 09:30:00.0000000, 0.073
MAC000323,2012-03-14 10:00:00.0000000, 0.061
MAC000323,2012-03-14 10:30:00.0000000, 0.14
MAC000323,2012-03-14 11:00:00.0000000, 0.093
MAC000323,2012-03-14 11:30:00.0000000, 0.117
MAC000323,2012-03-14 12:00:00.0000000, 0.109
MAC000323,2012-03-14 12:30:00.0000000, 0.119
MAC000323,2012-03-14 13:00:00.0000000, 0.067
MAC000323,2012-03-14 13:30:00.0000000, 0.067
MAC000323,2012-03-14 14:00:00.0000000, 0.142
MAC000323,2012-03-14 14:30:00.0000000, 0.09
MAC000323,2012-03-14 15:00:00.0000000, 0.062
MAC000323,2012-03-14 15:30:00.0000000, 0.131
MAC000323,2012-03-14 16:00:00.0000000, 0.121
MAC000323,2012-03-14 16:30:00.0000000, 0.077
MAC000323,2012-03-14 17:00:00.0000000, 0.093
MAC000323,2012-03-14 17:30:00.0000000, 0.213
MAC000323,2012-03-14 18:00:00.0000000, 0.164
MAC000323,2012-03-14 18:30:00.0000000, 0.124
MAC000323,2012-03-14 19:00:00.0000000, 0.15
MAC000323,2012-03-14 19:30:00.0000000, 0.27
MAC000323,2012-03-14 20:00:00.0000000, 0.192
MAC000323,2012-03-14 20:30:00.0000000, 0.137
MAC000323,2012-03-14 21:00:00.0000000, 0.171
MAC000323,2012-03-14 21:30:00.0000000, 0.171
MAC000323,2012-03-14 22:00:00.0000000, 0.135
MAC000323,2012-03-14 22:30:00.0000000, 0.165
MAC000323,2012-03-14 23:00:00.0000000, 0.16
MAC000323,2012-03-14 23:30:00.0000000, 0.14
MAC000323,2012-03-15 00:00:00.0000000, 0.082
MAC000323,2012-03-15 00:30:00.0000000, 0.117
MAC000323,2012-03-15 01:00:00.0000000, 0.09
MAC000323,2012-03-15 01:30:00.0000000, 0.096
MAC000323,2012-03-15 02:00:00.0000000, 0.123
MAC000323,2012-03-15 02:30:00.0000000, 0.098
MAC000323,2012-03-15 03:00:00.0000000, 0.087
MAC000323,2012-03-15 03:30:00.0000000, 0.106
MAC000323,2012-03-15 04:00:00.0000000, 0.105
MAC000323,2012-03-15 04:30:00.0000000, 0.066
MAC000323,2012-03-15 05:00:00.0000000, 0.116
MAC000323,2012-03-15 05:30:00.0000000, 0.118
MAC000323,2012-03-15 06:00:00.0000000, 0.073
MAC000323,2012-03-15 06:30:00.0000000, 0.062
MAC000323,2012-03-15 07:00:00.0000000, 0.229
MAC000323,2012-03-15 07:30:00.0000000, 0.211
MAC000323,2012-03-15 08:00:00.0000000, 0.119
MAC000323,2012-03-15 08:30:00.0000000, 0.147
MAC000323,2012-03-15 09:00:00.0000000, 0.136
MAC000323,2012-03-15 09:30:00.0000000, 0.064
MAC000323,2012-03-15 10:00:00.0000000, 0.068
MAC000323,2012-03-15 10:30:00.0000000, 0.127
MAC000323,2012-03-15 11:00:00.0000000, 0.104
MAC000323,2012-03-15 11:30:00.0000000, 0.103
MAC000323,2012-03-15 12:00:00.0000000, 0.099
MAC000323,2012-03-15 12:30:00.0000000, 0.123
MAC000323,2012-03-15 13:00:00.0000000, 0.071
MAC000323,2012-03-15 13:30:00.0000000, 0.084
MAC000323,2012-03-15 14:00:00.0000000, 0.111
MAC000323,2012-03-15 14:30:00.0000000, 0.102
MAC000323,2012-03-15 15:00:00.0000000, 0.069
MAC000323,2012-03-15 15:30:00.0000000, 0.112
MAC000323,2012-03-15 16:00:00.0000000, 0.089
MAC000323,2012-03-15 16:30:00.0000000, 0.105
MAC000323,2012-03-15 17:00:00.0000000, 0.129
MAC000323,2012-03-15 17:30:00.0000000, 0.161
MAC000323,2012-03-15 18:00:00.0000000, 0.139
MAC000323,2012-03-15 18:30:00.0000000, 0.168
MAC000323,2012-03-15 19:00:00.0000000, 0.175
MAC000323,2012-03-15 19:30:00.0000000, 0.199
MAC000323,2012-03-15 20:00:00.0000000, 0.209
MAC000323,2012-03-15 20:30:00.0000000, 0.189
MAC000323,2012-03-15 21:00:00.0000000, 0.151
MAC000323,2012-03-15 21:30:00.0000000, 0.123
MAC000323,2012-03-15 22:00:00.0000000, 0.188
MAC000323,2012-03-15 22:30:00.0000000, 0.174
MAC000323,2012-03-15 23:00:00.0000000, 0.125
MAC000323,2012-03-15 23:30:00.0000000, 0.114
MAC000323,2012-03-16 00:00:00.0000000, 0.144
MAC000323,2012-03-16 00:30:00.0000000, 0.093
MAC000323,2012-03-16 01:00:00.0000000, 0.062
MAC000323,2012-03-16 01:30:00.0000000, 0.099
MAC000323,2012-03-16 02:00:00.0000000, 0.14
MAC000323,2012-03-16 02:30:00.0000000, 0.071
MAC000323,2012-03-16 03:00:00.0000000, 0.062
MAC000323,2012-03-16 03:30:00.0000000, 0.134
MAC000323,2012-03-16 04:00:00.0000000, 0.114
MAC000323,2012-03-16 04:30:00.0000000, 0.066
MAC000323,2012-03-16 05:00:00.0000000, 0.093
MAC000323,2012-03-16 05:30:00.0000000, 0.148
MAC000323,2012-03-16 06:00:00.0000000, 0.076
MAC000323,2012-03-16 06:30:00.0000000, 0.061
MAC000323,2012-03-16 07:00:00.0000000, 0.2
MAC000323,2012-03-16 07:30:00.0000000, 0.242
MAC000323,2012-03-16 08:00:00.0000000, 0.119
MAC000323,2012-03-16 08:30:00.0000000, 0.135
MAC000323,2012-03-16 09:00:00.0000000, 0.121
MAC000323,2012-03-16 09:30:00.0000000, 0.086
MAC000323,2012-03-16 10:00:00.0000000, 0.068
MAC000323,2012-03-16 10:30:00.0000000, 0.112
MAC000323,2012-03-16 11:00:00.0000000, 0.112
MAC000323,2012-03-16 11:30:00.0000000, 0.108
MAC000323,2012-03-16 12:00:00.0000000, 0.097
MAC000323,2012-03-16 12:30:00.0000000, 0.106
MAC000323,2012-03-16 13:00:00.0000000, 0.095
MAC000323,2012-03-16 13:30:00.0000000, 0.077
MAC000323,2012-03-16 14:00:00.0000000, 0.111
MAC000323,2012-03-16 14:30:00.0000000, 0.097
MAC000323,2012-03-16 15:00:00.0000000, 0.074
MAC000323,2012-03-16 15:30:00.0000000, 0.106
MAC000323,2012-03-16 16:00:00.0000000, 0.104
MAC000323,2012-03-16 16:30:00.0000000, 0.105
MAC000323,2012-03-16 17:00:00.0000000, 0.107
MAC000323,2012-03-16 17:30:00.0000000, 0.174
MAC000323,2012-03-16 18:00:00.0000000, 0.146
MAC000323,2012-03-16 18:30:00.0000000, 0.144
MAC000323,2012-03-16 19:00:00.0000000, 0.171
MAC000323,2012-03-16 19:30:00.0000000, 0.222
MAC000323,2012-03-16 20:00:00.0000000, 0.205
MAC000323,2012-03-16 20:30:00.0000000, 0.17
MAC000323,2012-03-16 21:00:00.0000000, 0.171
MAC000323,2012-03-16 21:30:00.0000000, 0.132
MAC000323,2012-03-16 22:00:00.0000000, 0.159
MAC000323,2012-03-16 22:30:00.0000000, 0.175
MAC000323,2012-03-16 23:00:00.0000000, 0.153
MAC000323,2012-03-16 23:30:00.0000000, 0.115
MAC000323,2012-03-17 00:00:00.0000000, 0.107
MAC000323,2012-03-17 00:30:00.0000000, 0.111
MAC000323,2012-03-17 01:00:00.0000000, 0.073
MAC000323,2012-03-17 01:30:00.0000000, 0.087
MAC000323,2012-03-17 02:00:00.0000000, 0.12
MAC000323,2012-03-17 02:30:00.0000000, 0.099
MAC000323,2012-03-17 03:00:00.0000000, 0.062
MAC000323,2012-03-17 03:30:00.0000000, 0.119
MAC000323,2012-03-17 04:00:00.0000000, 0.111
MAC000323,2012-03-17 04:30:00.0000000, 0.075
MAC000323,2012-03-17 05:00:00.0000000, 0.078
MAC000323,2012-03-17 05:30:00.0000000, 0.139
MAC000323,2012-03-17 06:00:00.0000000, 0.096
MAC000323,2012-03-17 06:30:00.0000000, 0.063
MAC000323,2012-03-17 07:00:00.0000000, 0.196
MAC000323,2012-03-17 07:30:00.0000000, 0.243
MAC000323,2012-03-17 08:00:00.0000000, 0.133
MAC000323,2012-03-17 08:30:00.0000000, 0.104
MAC000323,2012-03-17 09:00:00.0000000, 0.142
MAC000323,2012-03-17 09:30:00.0000000, 0.104
MAC000323,2012-03-17 10:00:00.0000000, 0.06
MAC000323,2012-03-17 10:30:00.0000000, 0.081
MAC000323,2012-03-17 11:00:00.0000000, 0.137
MAC000323,2012-03-17 11:30:00.0000000, 0.131
MAC000323,2012-03-17 12:00:00.0000000, 0.06
MAC000323,2012-03-17 12:30:00.0000000, 0.11
MAC000323,2012-03-17 13:00:00.0000000, 0.13
MAC000323,2012-03-17 13:30:00.0000000, 0.068
MAC000323,2012-03-17 14:00:00.0000000, 0.061
MAC000323,2012-03-17 14:30:00.0000000, 0.133
MAC000323,2012-03-17 15:00:00.0000000, 0.114
MAC000323,2012-03-17 15:30:00.0000000, 0.061
MAC000323,2012-03-17 16:00:00.0000000, 0.086
MAC000323,2012-03-17 16:30:00.0000000, 0.15
MAC000323,2012-03-17 17:00:00.0000000, 0.114
MAC000323,2012-03-17 17:30:00.0000000, 0.125
MAC000323,2012-03-17 18:00:00.0000000, 0.162
MAC000323,2012-03-17 18:30:00.0000000, 0.202
MAC000323,2012-03-17 19:00:00.0000000, 0.122
MAC000323,2012-03-17 19:30:00.0000000, 0.204
MAC000323,2012-03-17 20:00:00.0000000, 0.234
MAC000323,2012-03-17 20:30:00.0000000, 0.187
MAC000323,2012-03-17 21:00:00.0000000, 0.123
MAC000323,2012-03-17 21:30:00.0000000, 0.16
MAC000323,2012-03-17 22:00:00.0000000, 0.182
MAC000323,2012-03-17 22:30:00.0000000, 0.146
MAC000323,2012-03-17 23:00:00.0000000, 0.129
MAC000323,2012-03-17 23:30:00.0000000, 0.154
MAC000323,2012-03-18 00:00:00.0000000, 0.108
MAC000323,2012-03-18 00:30:00.0000000, 0.071
MAC000323,2012-03-18 01:00:00.0000000, 0.101
MAC000323,2012-03-18 01:30:00.0000000, 0.105
MAC000323,2012-03-18 02:00:00.0000000, 0.096
MAC000323,2012-03-18 02:30:00.0000000, 0.076
MAC000323,2012-03-18 03:00:00.0000000, 0.112
MAC000323,2012-03-18 03:30:00.0000000, 0.089
MAC000323,2012-03-18 04:00:00.0000000, 0.087
MAC000323,2012-03-18 04:30:00.0000000, 0.107
MAC000323,2012-03-18 05:00:00.0000000, 0.106
MAC000323,2012-03-18 05:30:00.0000000, 0.09
MAC000323,2012-03-18 06:00:00.0000000, 0.092
MAC000323,2012-03-18 06:30:00.0000000, 0.112
MAC000323,2012-03-18 07:00:00.0000000, 0.158
MAC000323,2012-03-18 07:30:00.0000000, 0.215
MAC000323,2012-03-18 08:00:00.0000000, 0.168
MAC000323,2012-03-18 08:30:00.0000000, 0.139
MAC000323,2012-03-18 09:00:00.0000000, 0.068
MAC000323,2012-03-18 09:30:00.0000000, 0.112
MAC000323,2012-03-18 10:00:00.0000000, 0.11
MAC000323,2012-03-18 10:30:00.0000000, 0.068
MAC000323,2012-03-18 11:00:00.0000000, 0.083
MAC000323,2012-03-18 11:30:00.0000000, 0.167
MAC000323,2012-03-18 12:00:00.0000000, 0.091
MAC000323,2012-03-18 12:30:00.0000000, 0.061
MAC000323,2012-03-18 13:00:00.0000000, 0.121
MAC000323,2012-03-18 13:30:00.0000000, 0.11
MAC000323,2012-03-18 14:00:00.0000000, 0.066
MAC000323,2012-03-18 14:30:00.0000000, 0.07
MAC000323,2012-03-18 15:00:00.0000000, 0.142
MAC000323,2012-03-18 15:30:00.0000000, 0.087
MAC000323,2012-03-18 16:00:00.0000000, 0.067
MAC000323,2012-03-18 16:30:00.0000000, 0.118
MAC000323,2012-03-18 17:00:00.0000000, 0.157
MAC000323,2012-03-18 17:30:00.0000000, 0.125
MAC000323,2012-03-18 18:00:00.0000000, 0.13
MAC000323,2012-03-18 18:30:00.0000000, 0.191
MAC000323,2012-03-18 19:00:00.0000000, 0.156
MAC000323,2012-03-18 19:30:00.0000000, 0.192
MAC000323,2012-03-18 20:00:00.0000000, 0.213
MAC000323,2012-03-18 20:30:00.0000000, 0.186
MAC000323,2012-03-18 21:00:00.0000000, 0.132
MAC000323,2012-03-18 21:30:00.0000000, 0.149
MAC000323,2012-03-18 22:00:00.0000000, 0.171
MAC000323,2012-03-18 22:30:00.0000000, 0.158
MAC000323,2012-03-18 23:00:00.0000000, 0.132
MAC000323,2012-03-18 23:30:00.0000000, 0.153
MAC000323,2012-03-19 00:00:00.0000000, 0.075
MAC000323,2012-03-19 00:30:00.0000000, 0.091
MAC000323,2012-03-19 01:00:00.0000000, 0.111
MAC000323,2012-03-19 01:30:00.0000000, 0.087
MAC000323,2012-03-19 02:00:00.0000000, 0.074
MAC000323,2012-03-19 02:30:00.0000000, 0.118
MAC000323,2012-03-19 03:00:00.0000000, 0.097
MAC000323,2012-03-19 03:30:00.0000000, 0.061
MAC000323,2012-03-19 04:00:00.0000000, 0.108
MAC000323,2012-03-19 04:30:00.0000000, 0.119
MAC000323,2012-03-19 05:00:00.0000000, 0.067
MAC000323,2012-03-19 05:30:00.0000000, 0.077
MAC000323,2012-03-19 06:00:00.0000000, 0.144
MAC000323,2012-03-19 06:30:00.0000000, 0.071
MAC000323,2012-03-19 07:00:00.0000000, 0.15
MAC000323,2012-03-19 07:30:00.0000000, 0.229
MAC000323,2012-03-19 08:00:00.0000000, 0.171
MAC000323,2012-03-19 08:30:00.0000000, 0.104
MAC000323,2012-03-19 09:00:00.0000000, 0.102
MAC000323,2012-03-19 09:30:00.0000000, 0.094
MAC000323,2012-03-19 10:00:00.0000000, 0.083
MAC000323,2012-03-19 10:30:00.0000000, 0.093
MAC000323,2012-03-19 11:00:00.0000000, 0.096
MAC000323,2012-03-19 11:30:00.0000000, 0.127
MAC000323,2012-03-19 12:00:00.0000000, 0.09
MAC000323,2012-03-19 12:30:00.0000000, 0.105
MAC000323,2012-03-19 13:00:00.0000000, 0.06
MAC000323,2012-03-19 13:30:00.0000000, 0.105
MAC000323,2012-03-19 14:00:00.0000000, 0.11
MAC000323,2012-03-19 14:30:00.0000000, 0.066
MAC000323,2012-03-19 15:00:00.0000000, 0.075
MAC000323,2012-03-19 15:30:00.0000000, 0.136
MAC000323,2012-03-19 16:00:00.0000000, 0.081
MAC000323,2012-03-19 16:30:00.0000000, 0.072
MAC000323,2012-03-19 17:00:00.0000000, 0.149
MAC000323,2012-03-19 17:30:00.0000000, 0.164
MAC000323,2012-03-19 18:00:00.0000000, 0.126
MAC000323,2012-03-19 18:30:00.0000000, 0.156
MAC000323,2012-03-19 19:00:00.0000000, 0.184
MAC000323,2012-03-19 19:30:00.0000000, 0.195
MAC000323,2012-03-19 20:00:00.0000000, 0.207
MAC000323,2012-03-19 20:30:00.0000000, 0.169
MAC000323,2012-03-19 21:00:00.0000000, 0.154
MAC000323,2012-03-19 21:30:00.0000000, 0.139
MAC000323,2012-03-19 22:00:00.0000000, 0.173
MAC000323,2012-03-19 22:30:00.0000000, 0.149
MAC000323,2012-03-19 23:00:00.0000000, 0.136
MAC000323,2012-03-19 23:30:00.0000000, 0.155
MAC000323,2012-03-20 00:00:00.0000000, 0.074
MAC000323,2012-03-20 00:30:00.0000000, 0.092
MAC000323,2012-03-20 01:00:00.0000000, 0.111
MAC000323,2012-03-20 01:30:00.0000000, 0.085
MAC000323,2012-03-20 02:00:00.0000000, 0.069
MAC000323,2012-03-20 02:30:00.0000000, 0.123
MAC000323,2012-03-20 03:00:00.0000000, 0.093
MAC000323,2012-03-20 03:30:00.0000000, 0.061
MAC000323,2012-03-20 04:00:00.0000000, 0.102
MAC000323,2012-03-20 04:30:00.0000000, 0.126
MAC000323,2012-03-20 05:00:00.0000000, 0.068
MAC000323,2012-03-20 05:30:00.0000000, 0.085
MAC000323,2012-03-20 06:00:00.0000000, 0.132
MAC000323,2012-03-20 06:30:00.0000000, 0.073
MAC000323,2012-03-20 07:00:00.0000000, 0.16
MAC000323,2012-03-20 07:30:00.0000000, 0.23
MAC000323,2012-03-20 08:00:00.0000000, 0.156
MAC000323,2012-03-20 08:30:00.0000000, 0.112
MAC000323,2012-03-20 09:00:00.0000000, 0.593
MAC000323,2012-03-20 09:30:00.0000000, 0.234
MAC000323,2012-03-20 10:00:00.0000000, 0.441
MAC000323,2012-03-20 10:30:00.0000000, 0.624
MAC000323,2012-03-20 11:00:00.0000000, 0.215
MAC000323,2012-03-20 11:30:00.0000000, 0.238
MAC000323,2012-03-20 12:00:00.0000000, 0.106
MAC000323,2012-03-20 12:30:00.0000000, 0.094
MAC000323,2012-03-20 13:00:00.0000000, 0.071
MAC000323,2012-03-20 13:30:00.0000000, 0.112
MAC000323,2012-03-20 14:00:00.0000000, 0.11
MAC000323,2012-03-20 14:30:00.0000000, 0.064
MAC000323,2012-03-20 15:00:00.0000000, 0.105
MAC000323,2012-03-20 15:30:00.0000000, 0.114
MAC000323,2012-03-20 16:00:00.0000000, 0.082
MAC000323,2012-03-20 16:30:00.0000000, 0.082
MAC000323,2012-03-20 17:00:00.0000000, 0.158
MAC000323,2012-03-20 17:30:00.0000000, 0.155
MAC000323,2012-03-20 18:00:00.0000000, 0.126
MAC000323,2012-03-20 18:30:00.0000000, 0.179
MAC000323,2012-03-20 19:00:00.0000000, 0.176
MAC000323,2012-03-20 19:30:00.0000000, 0.196
MAC000323,2012-03-20 20:00:00.0000000, 0.199
MAC000323,2012-03-20 20:30:00.0000000, 0.216
MAC000323,2012-03-20 21:00:00.0000000, 0.144
MAC000323,2012-03-20 21:30:00.0000000, 0.124
MAC000323,2012-03-20 22:00:00.0000000, 0.179
MAC000323,2012-03-20 22:30:00.0000000, 0.187
MAC000323,2012-03-20 23:00:00.0000000, 0.122
MAC000323,2012-03-20 23:30:00.0000000, 0.126
MAC000323,2012-03-21 00:00:00.0000000, 0.141
MAC000323,2012-03-21 00:30:00.0000000, 0.076
MAC000323,2012-03-21 01:00:00.0000000, 0.066
MAC000323,2012-03-21 01:30:00.0000000, 0.117
MAC000323,2012-03-21 02:00:00.0000000, 0.116
MAC000323,2012-03-21 02:30:00.0000000, 0.063
MAC000323,2012-03-21 03:00:00.0000000, 0.104
MAC000323,2012-03-21 03:30:00.0000000, 0.114
MAC000323,2012-03-21 04:00:00.0000000, 0.078
MAC000323,2012-03-21 04:30:00.0000000, 0.094
MAC000323,2012-03-21 05:00:00.0000000, 0.115
MAC000323,2012-03-21 05:30:00.0000000, 0.101
MAC000323,2012-03-21 06:00:00.0000000, 0.079
MAC000323,2012-03-21 06:30:00.0000000, 0.115
MAC000323,2012-03-21 07:00:00.0000000, 0.17
MAC000323,2012-03-21 07:30:00.0000000, 0.204
MAC000323,2012-03-21 08:00:00.0000000, 0.173
MAC000323,2012-03-21 08:30:00.0000000, 0.133
MAC000323,2012-03-21 09:00:00.0000000, 0.093
MAC000323,2012-03-21 09:30:00.0000000, 0.096
MAC000323,2012-03-21 10:00:00.0000000, 0.106
MAC000323,2012-03-21 10:30:00.0000000, 0.078
MAC000323,2012-03-21 11:00:00.0000000, 0.094
MAC000323,2012-03-21 11:30:00.0000000, 0.151
MAC000323,2012-03-21 12:00:00.0000000, 0.073
MAC000323,2012-03-21 12:30:00.0000000, 0.094
MAC000323,2012-03-21 13:00:00.0000000, 0.112
MAC000323,2012-03-21 13:30:00.0000000, 0.09
MAC000323,2012-03-21 14:00:00.0000000, 0.086
MAC000323,2012-03-21 14:30:00.0000000, 0.103
MAC000323,2012-03-21 15:00:00.0000000, 0.11
MAC000323,2012-03-21 15:30:00.0000000, 0.07
MAC000323,2012-03-21 16:00:00.0000000, 0.105
MAC000323,2012-03-21 16:30:00.0000000, 0.125
MAC000323,2012-03-21 17:00:00.0000000, 0.106
MAC000323,2012-03-21 17:30:00.0000000, 0.158
MAC000323,2012-03-21 18:00:00.0000000, 0.168
MAC000323,2012-03-21 18:30:00.0000000, 0.162
MAC000323,2012-03-21 19:00:00.0000000, 0.142
MAC000323,2012-03-21 19:30:00.0000000, 0.218
MAC000323,2012-03-21 20:00:00.0000000, 0.222
MAC000323,2012-03-21 20:30:00.0000000, 0.136
MAC000323,2012-03-21 21:00:00.0000000, 0.157
MAC000323,2012-03-21 21:30:00.0000000, 0.176
MAC000323,2012-03-21 22:00:00.0000000, 0.152
MAC000323,2012-03-21 22:30:00.0000000, 0.15
MAC000323,2012-03-21 23:00:00.0000000, 0.159
MAC000323,2012-03-21 23:30:00.0000000, 0.154
MAC000323,2012-03-22 00:00:00.0000000, 0.071
MAC000323,2012-03-22 00:30:00.0000000, 0.098
MAC000323,2012-03-22 01:00:00.0000000, 0.114
MAC000323,2012-03-22 01:30:00.0000000, 0.082
MAC000323,2012-03-22 02:00:00.0000000, 0.095
MAC000323,2012-03-22 02:30:00.0000000, 0.107
MAC000323,2012-03-22 03:00:00.0000000, 0.1
MAC000323,2012-03-22 03:30:00.0000000, 0.069
MAC000323,2012-03-22 04:00:00.0000000, 0.11
MAC000323,2012-03-22 04:30:00.0000000, 0.117
MAC000323,2012-03-22 05:00:00.0000000, 0.077
MAC000323,2012-03-22 05:30:00.0000000, 0.096
MAC000323,2012-03-22 06:00:00.0000000, 0.121
MAC000323,2012-03-22 06:30:00.0000000, 0.088
MAC000323,2012-03-22 07:00:00.0000000, 0.152
MAC000323,2012-03-22 07:30:00.0000000, 0.244
MAC000323,2012-03-22 08:00:00.0000000, 0.171
MAC000323,2012-03-22 08:30:00.0000000, 0.106
MAC000323,2012-03-22 09:00:00.0000000, 0.096
MAC000323,2012-03-22 09:30:00.0000000, 0.122
MAC000323,2012-03-22 10:00:00.0000000, 0.084
MAC000323,2012-03-22 10:30:00.0000000, 0.062
MAC000323,2012-03-22 11:00:00.0000000, 0.135
MAC000323,2012-03-22 11:30:00.0000000, 0.153
MAC000323,2012-03-22 12:00:00.0000000, 0.063
MAC000323,2012-03-22 12:30:00.0000000, 0.096
MAC000323,2012-03-22 13:00:00.0000000, 0.128
MAC000323,2012-03-22 13:30:00.0000000, 0.083
MAC000323,2012-03-22 14:00:00.0000000, 0.062
MAC000323,2012-03-22 14:30:00.0000000, 0.135
MAC000323,2012-03-22 15:00:00.0000000, 0.111
MAC000323,2012-03-22 15:30:00.0000000, 0.063
MAC000323,2012-03-22 16:00:00.0000000, 0.096
MAC000323,2012-03-22 16:30:00.0000000, 0.144
MAC000323,2012-03-22 17:00:00.0000000, 0.115
MAC000323,2012-03-22 17:30:00.0000000, 0.127
MAC000323,2012-03-22 18:00:00.0000000, 0.191
MAC000323,2012-03-22 18:30:00.0000000, 0.175
MAC000323,2012-03-22 19:00:00.0000000, 0.128
MAC000323,2012-03-22 19:30:00.0000000, 0.189
MAC000323,2012-03-22 20:00:00.0000000, 0.254
MAC000323,2012-03-22 20:30:00.0000000, 0.156
MAC000323,2012-03-22 21:00:00.0000000, 0.125
MAC000323,2012-03-22 21:30:00.0000000, 0.168
MAC000323,2012-03-22 22:00:00.0000000, 0.193
MAC000323,2012-03-22 22:30:00.0000000, 0.139
MAC000323,2012-03-22 23:00:00.0000000, 0.122
MAC000323,2012-03-22 23:30:00.0000000, 0.184
MAC000323,2012-03-23 00:00:00.0000000, 0.11
MAC000323,2012-03-23 00:30:00.0000000, 0.064
MAC000323,2012-03-23 01:00:00.0000000, 0.076
MAC000323,2012-03-23 01:30:00.0000000, 0.149
MAC000323,2012-03-23 02:00:00.0000000, 0.085
MAC000323,2012-03-23 02:30:00.0000000, 0.063
MAC000323,2012-03-23 03:00:00.0000000, 0.113
MAC000323,2012-03-23 03:30:00.0000000, 0.134
MAC000323,2012-03-23 04:00:00.0000000, 0.065
MAC000323,2012-03-23 04:30:00.0000000, 0.072
MAC000323,2012-03-23 05:00:00.0000000, 0.149
MAC000323,2012-03-23 05:30:00.0000000, 0.104
MAC000323,2012-03-23 06:00:00.0000000, 0.064
MAC000323,2012-03-23 06:30:00.0000000, 0.094
MAC000323,2012-03-23 07:00:00.0000000, 0.235
MAC000323,2012-03-23 07:30:00.0000000, 0.175
MAC000323,2012-03-23 08:00:00.0000000, 0.128
MAC000323,2012-03-23 08:30:00.0000000, 0.162
MAC000323,2012-03-23 09:00:00.0000000, 0.122
MAC000323,2012-03-23 09:30:00.0000000, 0.062
MAC000323,2012-03-23 10:00:00.0000000, 0.092
MAC000323,2012-03-23 10:30:00.0000000, 0.131
MAC000323,2012-03-23 11:00:00.0000000, 0.083
MAC000323,2012-03-23 11:30:00.0000000, 0.107
MAC000323,2012-03-23 12:00:00.0000000, 0.112
MAC000323,2012-03-23 12:30:00.0000000, 0.117
MAC000323,2012-03-23 13:00:00.0000000, 0.067
MAC000323,2012-03-23 13:30:00.0000000, 0.098
MAC000323,2012-03-23 14:00:00.0000000, 0.113
MAC000323,2012-03-23 14:30:00.0000000, 0.094
MAC000323,2012-03-23 15:00:00.0000000, 0.076
MAC000323,2012-03-23 15:30:00.0000000, 0.115
MAC000323,2012-03-23 16:00:00.0000000, 0.114
MAC000323,2012-03-23 16:30:00.0000000, 0.087
MAC000323,2012-03-23 17:00:00.0000000, 0.129
MAC000323,2012-03-23 17:30:00.0000000, 0.176
MAC000323,2012-03-23 18:00:00.0000000, 0.166
MAC000323,2012-03-23 18:30:00.0000000, 0.138
MAC000323,2012-03-23 19:00:00.0000000, 0.176
MAC000323,2012-03-23 19:30:00.0000000, 0.197
MAC000323,2012-03-23 20:00:00.0000000, 0.161
MAC000323,2012-03-23 20:30:00.0000000, 0.164
MAC000323,2012-03-23 21:00:00.0000000, 0.169
MAC000323,2012-03-23 21:30:00.0000000, 0.163
MAC000323,2012-03-23 22:00:00.0000000, 0.142
MAC000323,2012-03-23 22:30:00.0000000, 0.177
MAC000323,2012-03-23 23:00:00.0000000, 0.151
MAC000323,2012-03-23 23:30:00.0000000, 0.131
MAC000323,2012-03-24 00:00:00.0000000, 0.103
MAC000323,2012-03-24 00:30:00.0000000, 0.106
MAC000323,2012-03-24 01:00:00.0000000, 0.093
MAC000323,2012-03-24 01:30:00.0000000, 0.083
MAC000323,2012-03-24 02:00:00.0000000, 0.116
MAC000323,2012-03-24 02:30:00.0000000, 0.084
MAC000323,2012-03-24 03:00:00.0000000, 0.092
MAC000323,2012-03-24 03:30:00.0000000, 0.107
MAC000323,2012-03-24 04:00:00.0000000, 0.102
MAC000323,2012-03-24 04:30:00.0000000, 0.09
MAC000323,2012-03-24 05:00:00.0000000, 0.097
MAC000323,2012-03-24 05:30:00.0000000, 0.118
MAC000323,2012-03-24 06:00:00.0000000, 0.075
MAC000323,2012-03-24 06:30:00.0000000, 0.095
MAC000323,2012-03-24 07:00:00.0000000, 0.188
MAC000323,2012-03-24 07:30:00.0000000, 0.206
MAC000323,2012-03-24 08:00:00.0000000, 0.141
MAC000323,2012-03-24 08:30:00.0000000, 0.148
MAC000323,2012-03-24 09:00:00.0000000, 0.112
MAC000323,2012-03-24 09:30:00.0000000, 0.072
MAC000323,2012-03-24 10:00:00.0000000, 0.095
MAC000323,2012-03-24 10:30:00.0000000, 0.113
MAC000323,2012-03-24 11:00:00.0000000, 0.097
MAC000323,2012-03-24 11:30:00.0000000, 0.127
MAC000323,2012-03-24 12:00:00.0000000, 0.103
MAC000323,2012-03-24 12:30:00.0000000, 0.112
MAC000323,2012-03-24 13:00:00.0000000, 0.07
MAC000323,2012-03-24 13:30:00.0000000, 0.097
MAC000323,2012-03-24 14:00:00.0000000, 0.113
MAC000323,2012-03-24 14:30:00.0000000, 0.097
MAC000323,2012-03-24 15:00:00.0000000, 0.084
MAC000323,2012-03-24 15:30:00.0000000, 0.101
MAC000323,2012-03-24 16:00:00.0000000, 0.119
MAC000323,2012-03-24 16:30:00.0000000, 0.087
MAC000323,2012-03-24 17:00:00.0000000, 0.123
MAC000323,2012-03-24 17:30:00.0000000, 0.177
MAC000323,2012-03-24 18:00:00.0000000, 0.166
MAC000323,2012-03-24 18:30:00.0000000, 0.15
MAC000323,2012-03-24 19:00:00.0000000, 0.155
MAC000323,2012-03-24 19:30:00.0000000, 0.174
MAC000323,2012-03-24 20:00:00.0000000, 0.137
MAC000323,2012-03-24 20:30:00.0000000, 0.156
MAC000323,2012-03-24 21:00:00.0000000, 0.174
MAC000323,2012-03-24 21:30:00.0000000, 0.158
MAC000323,2012-03-24 22:00:00.0000000, 0.151
MAC000323,2012-03-24 22:30:00.0000000, 0.164
MAC000323,2012-03-24 23:00:00.0000000, 0.172
MAC000323,2012-03-24 23:30:00.0000000, 0.112
MAC000323,2012-03-25 00:00:00.0000000, 0.098
MAC000323,2012-03-25 00:30:00.0000000, 0.115
MAC000323,2012-03-25 01:00:00.0000000, 0.09
MAC000323,2012-03-25 01:30:00.0000000, 0.079
MAC000323,2012-03-25 02:00:00.0000000, 0.114
MAC000323,2012-03-25 02:30:00.0000000, 0.113
MAC000323,2012-03-25 03:00:00.0000000, 0.064
MAC000323,2012-03-25 03:30:00.0000000, 0.095
MAC000323,2012-03-25 04:00:00.0000000, 0.125
MAC000323,2012-03-25 04:30:00.0000000, 0.086
MAC000323,2012-03-25 05:00:00.0000000, 0.07
MAC000323,2012-03-25 05:30:00.0000000, 0.139
MAC000323,2012-03-25 06:00:00.0000000, 0.103
MAC000323,2012-03-25 06:30:00.0000000, 0.106
MAC000323,2012-03-25 07:00:00.0000000, 0.111
MAC000323,2012-03-25 07:30:00.0000000, 0.188
MAC000323,2012-03-25 08:00:00.0000000, 0.128
MAC000323,2012-03-25 08:30:00.0000000, 0.106
MAC000323,2012-03-25 09:00:00.0000000, 0.132
MAC000323,2012-03-25 09:30:00.0000000, 0.101
MAC000323,2012-03-25 10:00:00.0000000, 0.062
MAC000323,2012-03-25 10:30:00.0000000, 0.126
MAC000323,2012-03-25 11:00:00.0000000, 0.143
MAC000323,2012-03-25 11:30:00.0000000, 0.061
MAC000323,2012-03-25 12:00:00.0000000, 0.07
MAC000323,2012-03-25 12:30:00.0000000, 0.113
MAC000323,2012-03-25 13:00:00.0000000, 0.11
MAC000323,2012-03-25 13:30:00.0000000, 0.062
MAC000323,2012-03-25 14:00:00.0000000, 0.108
MAC000323,2012-03-25 14:30:00.0000000, 0.105
MAC000323,2012-03-25 15:00:00.0000000, 0.078
MAC000323,2012-03-25 15:30:00.0000000, 0.093
MAC000323,2012-03-25 16:00:00.0000000, 0.111
MAC000323,2012-03-25 16:30:00.0000000, 0.105
MAC000323,2012-03-25 17:00:00.0000000, 0.104
MAC000323,2012-03-25 17:30:00.0000000, 0.174
MAC000323,2012-03-25 18:00:00.0000000, 0.139
MAC000323,2012-03-25 18:30:00.0000000, 0.212
MAC000323,2012-03-25 19:00:00.0000000, 0.225
MAC000323,2012-03-25 19:30:00.0000000, 0.152
MAC000323,2012-03-25 20:00:00.0000000, 0.149
MAC000323,2012-03-25 20:30:00.0000000, 0.155
MAC000323,2012-03-25 21:00:00.0000000, 0.171
MAC000323,2012-03-25 21:30:00.0000000, 0.133
MAC000323,2012-03-25 22:00:00.0000000, 0.157
MAC000323,2012-03-25 22:30:00.0000000, 0.179
MAC000323,2012-03-25 23:00:00.0000000, 0.137
MAC000323,2012-03-25 23:30:00.0000000, 0.136
MAC000323,2012-03-26 00:00:00.0000000, 0.108
MAC000323,2012-03-26 00:30:00.0000000, 0.096
MAC000323,2012-03-26 01:00:00.0000000, 0.065
MAC000323,2012-03-26 01:30:00.0000000, 0.118
MAC000323,2012-03-26 02:00:00.0000000, 0.111
MAC000323,2012-03-26 02:30:00.0000000, 0.063
MAC000323,2012-03-26 03:00:00.0000000, 0.092
MAC000323,2012-03-26 03:30:00.0000000, 0.126
MAC000323,2012-03-26 04:00:00.0000000, 0.083
MAC000323,2012-03-26 04:30:00.0000000, 0.069
MAC000323,2012-03-26 05:00:00.0000000, 0.138
MAC000323,2012-03-26 05:30:00.0000000, 0.094
MAC000323,2012-03-26 06:00:00.0000000, 0.136
MAC000323,2012-03-26 06:30:00.0000000, 0.15
MAC000323,2012-03-26 07:00:00.0000000, 0.162
MAC000323,2012-03-26 07:30:00.0000000, 0.12
MAC000323,2012-03-26 08:00:00.0000000, 0.114
MAC000323,2012-03-26 08:30:00.0000000, 0.173
MAC000323,2012-03-26 09:00:00.0000000, 0.104
MAC000323,2012-03-26 09:30:00.0000000, 0.062
MAC000323,2012-03-26 10:00:00.0000000, 0.095
MAC000323,2012-03-26 10:30:00.0000000, 0.172
MAC000323,2012-03-26 11:00:00.0000000, 0.068
MAC000323,2012-03-26 11:30:00.0000000, 0.079
MAC000323,2012-03-26 12:00:00.0000000, 0.111
MAC000323,2012-03-26 12:30:00.0000000, 0.101
MAC000323,2012-03-26 13:00:00.0000000, 0.063
MAC000323,2012-03-26 13:30:00.0000000, 0.115
MAC000323,2012-03-26 14:00:00.0000000, 0.097
MAC000323,2012-03-26 14:30:00.0000000, 0.08
MAC000323,2012-03-26 15:00:00.0000000, 0.098
MAC000323,2012-03-26 15:30:00.0000000, 0.1
MAC000323,2012-03-26 16:00:00.0000000, 0.098
MAC000323,2012-03-26 16:30:00.0000000, 0.092
MAC000323,2012-03-26 17:00:00.0000000, 0.138
MAC000323,2012-03-26 17:30:00.0000000, 0.145
MAC000323,2012-03-26 18:00:00.0000000, 0.145
MAC000323,2012-03-26 18:30:00.0000000, 0.223
MAC000323,2012-03-26 19:00:00.0000000, 0.189
MAC000323,2012-03-26 19:30:00.0000000, 0.158
MAC000323,2012-03-26 20:00:00.0000000, 0.156
MAC000323,2012-03-26 20:30:00.0000000, 0.163
MAC000323,2012-03-26 21:00:00.0000000, 0.135
MAC000323,2012-03-26 21:30:00.0000000, 0.159
MAC000323,2012-03-26 22:00:00.0000000, 0.173
MAC000323,2012-03-26 22:30:00.0000000, 0.14
MAC000323,2012-03-26 23:00:00.0000000, 0.154
MAC000323,2012-03-26 23:30:00.0000000, 0.152
MAC000323,2012-03-27 00:00:00.0000000, 0.093
MAC000323,2012-03-27 00:30:00.0000000, 0.074
MAC000323,2012-03-27 01:00:00.0000000, 0.111
MAC000323,2012-03-27 01:30:00.0000000, 0.112
MAC000323,2012-03-27 02:00:00.0000000, 0.063
MAC000323,2012-03-27 02:30:00.0000000, 0.103
MAC000323,2012-03-27 03:00:00.0000000, 0.115
MAC000323,2012-03-27 03:30:00.0000000, 0.084
MAC000323,2012-03-27 04:00:00.0000000, 0.077
MAC000323,2012-03-27 04:30:00.0000000, 0.131
MAC000323,2012-03-27 05:00:00.0000000, 0.1
MAC000323,2012-03-27 05:30:00.0000000, 0.062
MAC000323,2012-03-27 06:00:00.0000000, 0.182
MAC000323,2012-03-27 06:30:00.0000000, 0.174
MAC000323,2012-03-27 07:00:00.0000000, 0.089
MAC000323,2012-03-27 07:30:00.0000000, 0.117
MAC000323,2012-03-27 08:00:00.0000000, 0.68
MAC000323,2012-03-27 08:30:00.0000000, 0.477
MAC000323,2012-03-27 09:00:00.0000000, 0.155
MAC000323,2012-03-27 09:30:00.0000000, 0.566
MAC000323,2012-03-27 10:00:00.0000000, 0.515
MAC000323,2012-03-27 10:30:00.0000000, 0.16
MAC000323,2012-03-27 11:00:00.0000000, 0.067
MAC000323,2012-03-27 11:30:00.0000000, 0.146
MAC000323,2012-03-27 12:00:00.0000000, 0.086
MAC000323,2012-03-27 12:30:00.0000000, 0.062
MAC000323,2012-03-27 13:00:00.0000000, 0.116
MAC000323,2012-03-27 13:30:00.0000000, 0.126
MAC000323,2012-03-27 14:00:00.0000000, 0.063
MAC000323,2012-03-27 14:30:00.0000000, 0.071
MAC000323,2012-03-27 15:00:00.0000000, 0.146
MAC000323,2012-03-27 15:30:00.0000000, 0.219
MAC000323,2012-03-27 16:00:00.0000000, 0.076
MAC000323,2012-03-27 16:30:00.0000000, 0.151
MAC000323,2012-03-27 17:00:00.0000000, 0.272
MAC000323,2012-03-27 17:30:00.0000000, 0.14
MAC000323,2012-03-27 18:00:00.0000000, 0.124
MAC000323,2012-03-27 18:30:00.0000000, 0.232
MAC000323,2012-03-27 19:00:00.0000000, 0.189
MAC000323,2012-03-27 19:30:00.0000000, 0.121
MAC000323,2012-03-27 20:00:00.0000000, 0.151
MAC000323,2012-03-27 20:30:00.0000000, 0.19
MAC000323,2012-03-27 21:00:00.0000000, 0.142
MAC000323,2012-03-27 21:30:00.0000000, 0.124
MAC000323,2012-03-27 22:00:00.0000000, 0.194
MAC000323,2012-03-27 22:30:00.0000000, 0.166
MAC000323,2012-03-27 23:00:00.0000000, 0.122
MAC000323,2012-03-27 23:30:00.0000000, 0.149
MAC000323,2012-03-28 00:00:00.0000000, 0.116
MAC000323,2012-03-28 00:30:00.0000000, 0.074
MAC000323,2012-03-28 01:00:00.0000000, 0.074
MAC000323,2012-03-28 01:30:00.0000000, 0.13
MAC000323,2012-03-28 02:00:00.0000000, 0.094
MAC000323,2012-03-28 02:30:00.0000000, 0.064
MAC000323,2012-03-28 03:00:00.0000000, 0.12
MAC000323,2012-03-28 03:30:00.0000000, 0.118
MAC000323,2012-03-28 04:00:00.0000000, 0.07
MAC000323,2012-03-28 04:30:00.0000000, 0.097
MAC000323,2012-03-28 05:00:00.0000000, 0.121
MAC000323,2012-03-28 05:30:00.0000000, 0.079
MAC000323,2012-03-28 06:00:00.0000000, 0.138
MAC000323,2012-03-28 06:30:00.0000000, 0.186
MAC000323,2012-03-28 07:00:00.0000000, 0.116
MAC000323,2012-03-28 07:30:00.0000000, 0.113
MAC000323,2012-03-28 08:00:00.0000000, 0.164
MAC000323,2012-03-28 08:30:00.0000000, 0.152
MAC000323,2012-03-28 09:00:00.0000000, 0.066
MAC000323,2012-03-28 09:30:00.0000000, 0.084
MAC000323,2012-03-28 10:00:00.0000000, 0.116
MAC000323,2012-03-28 10:30:00.0000000, 0.147
MAC000323,2012-03-28 11:00:00.0000000, 0.071
MAC000323,2012-03-28 11:30:00.0000000, 0.111
MAC000323,2012-03-28 12:00:00.0000000, 0.102
MAC000323,2012-03-28 12:30:00.0000000, 0.061
MAC000323,2012-03-28 13:00:00.0000000, 0.104
MAC000323,2012-03-28 13:30:00.0000000, 0.11
MAC000323,2012-03-28 14:00:00.0000000, 0.074
MAC000323,2012-03-28 14:30:00.0000000, 0.087
MAC000323,2012-03-28 15:00:00.0000000, 0.11
MAC000323,2012-03-28 15:30:00.0000000, 0.093
MAC000323,2012-03-28 16:00:00.0000000, 0.076
MAC000323,2012-03-28 16:30:00.0000000, 0.115
MAC000323,2012-03-28 17:00:00.0000000, 0.135
MAC000323,2012-03-28 17:30:00.0000000, 0.129
MAC000323,2012-03-28 18:00:00.0000000, 0.154
MAC000323,2012-03-28 18:30:00.0000000, 0.213
MAC000323,2012-03-28 19:00:00.0000000, 0.182
MAC000323,2012-03-28 19:30:00.0000000, 0.145
MAC000323,2012-03-28 20:00:00.0000000, 0.154
MAC000323,2012-03-28 20:30:00.0000000, 0.169
MAC000323,2012-03-28 21:00:00.0000000, 0.139
MAC000323,2012-03-28 21:30:00.0000000, 0.145
MAC000323,2012-03-28 22:00:00.0000000, 0.174
MAC000323,2012-03-28 22:30:00.0000000, 0.15
MAC000323,2012-03-28 23:00:00.0000000, 0.152
MAC000323,2012-03-28 23:30:00.0000000, 0.138
MAC000323,2012-03-29 00:00:00.0000000, 0.107
MAC000323,2012-03-29 00:30:00.0000000, 0.084
MAC000323,2012-03-29 01:00:00.0000000, 0.081
MAC000323,2012-03-29 01:30:00.0000000, 0.113
MAC000323,2012-03-29 02:00:00.0000000, 0.081
MAC000323,2012-03-29 02:30:00.0000000, 0.088
MAC000323,2012-03-29 03:00:00.0000000, 0.105
MAC000323,2012-03-29 03:30:00.0000000, 0.101
MAC000323,2012-03-29 04:00:00.0000000, 0.098
MAC000323,2012-03-29 04:30:00.0000000, 0.088
MAC000323,2012-03-29 05:00:00.0000000, 0.112
MAC000323,2012-03-29 05:30:00.0000000, 0.08
MAC000323,2012-03-29 06:00:00.0000000, 0.143
MAC000323,2012-03-29 06:30:00.0000000, 0.167
MAC000323,2012-03-29 07:00:00.0000000, 0.106
MAC000323,2012-03-29 07:30:00.0000000, 0.143
MAC000323,2012-03-29 08:00:00.0000000, 0.146
MAC000323,2012-03-29 08:30:00.0000000, 0.15
MAC000323,2012-03-29 09:00:00.0000000, 0.089
MAC000323,2012-03-29 09:30:00.0000000, 0.073
MAC000323,2012-03-29 10:00:00.0000000, 0.111
MAC000323,2012-03-29 10:30:00.0000000, 0.128
MAC000323,2012-03-29 11:00:00.0000000, 0.078
MAC000323,2012-03-29 11:30:00.0000000, 0.103
MAC000323,2012-03-29 12:00:00.0000000, 0.097
MAC000323,2012-03-29 12:30:00.0000000, 0.093
MAC000323,2012-03-29 13:00:00.0000000, 0.082
MAC000323,2012-03-29 13:30:00.0000000, 0.11
MAC000323,2012-03-29 14:00:00.0000000, 0.09
MAC000323,2012-03-29 14:30:00.0000000, 0.071
MAC000323,2012-03-29 15:00:00.0000000, 0.108
MAC000323,2012-03-29 15:30:00.0000000, 0.094
MAC000323,2012-03-29 16:00:00.0000000, 0.094
MAC000323,2012-03-29 16:30:00.0000000, 0.099
MAC000323,2012-03-29 17:00:00.0000000, 0.136
MAC000323,2012-03-29 17:30:00.0000000, 0.162
MAC000323,2012-03-29 18:00:00.0000000, 0.124
MAC000323,2012-03-29 18:30:00.0000000, 0.172
MAC000323,2012-03-29 19:00:00.0000000, 0.161
MAC000323,2012-03-29 19:30:00.0000000, 0.14
MAC000323,2012-03-29 20:00:00.0000000, 0.149
MAC000323,2012-03-29 20:30:00.0000000, 0.168
MAC000323,2012-03-29 21:00:00.0000000, 0.154
MAC000323,2012-03-29 21:30:00.0000000, 0.131
MAC000323,2012-03-29 22:00:00.0000000, 0.173
MAC000323,2012-03-29 22:30:00.0000000, 0.168
MAC000323,2012-03-29 23:00:00.0000000, 0.13
MAC000323,2012-03-29 23:30:00.0000000, 0.14
MAC000323,2012-03-30 00:00:00.0000000, 0.103
MAC000323,2012-03-30 00:30:00.0000000, 0.093
MAC000323,2012-03-30 01:00:00.0000000, 0.076
MAC000323,2012-03-30 01:30:00.0000000, 0.112
MAC000323,2012-03-30 02:00:00.0000000, 0.103
MAC000323,2012-03-30 02:30:00.0000000, 0.065
MAC000323,2012-03-30 03:00:00.0000000, 0.107
MAC000323,2012-03-30 03:30:00.0000000, 0.109
MAC000323,2012-03-30 04:00:00.0000000, 0.089
MAC000323,2012-03-30 04:30:00.0000000, 0.091
MAC000323,2012-03-30 05:00:00.0000000, 0.112
MAC000323,2012-03-30 05:30:00.0000000, 0.095
MAC000323,2012-03-30 06:00:00.0000000, 0.127
MAC000323,2012-03-30 06:30:00.0000000, 0.167
MAC000323,2012-03-30 07:00:00.0000000, 0.121
MAC000323,2012-03-30 07:30:00.0000000, 0.13
MAC000323,2012-03-30 08:00:00.0000000, 0.144
MAC000323,2012-03-30 08:30:00.0000000, 0.15
MAC000323,2012-03-30 09:00:00.0000000, 0.091
MAC000323,2012-03-30 09:30:00.0000000, 0.067
MAC000323,2012-03-30 10:00:00.0000000, 0.11
MAC000323,2012-03-30 10:30:00.0000000, 0.139
MAC000323,2012-03-30 11:00:00.0000000, 0.072
MAC000323,2012-03-30 11:30:00.0000000, 0.097
MAC000323,2012-03-30 12:00:00.0000000, 0.103
MAC000323,2012-03-30 12:30:00.0000000, 0.089
MAC000323,2012-03-30 13:00:00.0000000, 0.075
MAC000323,2012-03-30 13:30:00.0000000, 0.111
MAC000323,2012-03-30 14:00:00.0000000, 0.108
MAC000323,2012-03-30 14:30:00.0000000, 0.062
MAC000323,2012-03-30 15:00:00.0000000, 0.102
MAC000323,2012-03-30 15:30:00.0000000, 0.115
MAC000323,2012-03-30 16:00:00.0000000, 0.084
MAC000323,2012-03-30 16:30:00.0000000, 0.088
MAC000323,2012-03-30 17:00:00.0000000, 0.136
MAC000323,2012-03-30 17:30:00.0000000, 0.174
MAC000323,2012-03-30 18:00:00.0000000, 0.124
MAC000323,2012-03-30 18:30:00.0000000, 0.192
MAC000323,2012-03-30 19:00:00.0000000, 0.179
MAC000323,2012-03-30 19:30:00.0000000, 0.132
MAC000323,2012-03-30 20:00:00.0000000, 0.136
MAC000323,2012-03-30 20:30:00.0000000, 0.171
MAC000323,2012-03-30 21:00:00.0000000, 0.167
MAC000323,2012-03-30 21:30:00.0000000, 0.123
MAC000323,2012-03-30 22:00:00.0000000, 0.165
MAC000323,2012-03-30 22:30:00.0000000, 0.181
MAC000323,2012-03-30 23:00:00.0000000, 0.133
MAC000323,2012-03-30 23:30:00.0000000, 0.122
MAC000323,2012-03-31 00:00:00.0000000, 0.112
MAC000323,2012-03-31 00:30:00.0000000, 0.105
MAC000323,2012-03-31 01:00:00.0000000, 0.062
MAC000323,2012-03-31 01:30:00.0000000, 0.107
MAC000323,2012-03-31 02:00:00.0000000, 0.113
MAC000323,2012-03-31 02:30:00.0000000, 0.075
MAC000323,2012-03-31 03:00:00.0000000, 0.085
MAC000323,2012-03-31 03:30:00.0000000, 0.116
MAC000323,2012-03-31 04:00:00.0000000, 0.106
MAC000323,2012-03-31 04:30:00.0000000, 0.068
MAC000323,2012-03-31 05:00:00.0000000, 0.111
MAC000323,2012-03-31 05:30:00.0000000, 0.108
MAC000323,2012-03-31 06:00:00.0000000, 0.149
MAC000323,2012-03-31 06:30:00.0000000, 0.142
MAC000323,2012-03-31 07:00:00.0000000, 0.131
MAC000323,2012-03-31 07:30:00.0000000, 0.154
MAC000323,2012-03-31 08:00:00.0000000, 0.113
MAC000323,2012-03-31 08:30:00.0000000, 0.15
MAC000323,2012-03-31 09:00:00.0000000, 0.109
MAC000323,2012-03-31 09:30:00.0000000, 0.073
MAC000323,2012-03-31 10:00:00.0000000, 0.083
MAC000323,2012-03-31 10:30:00.0000000, 0.153
MAC000323,2012-03-31 11:00:00.0000000, 0.099
MAC000323,2012-03-31 11:30:00.0000000, 0.06
MAC000323,2012-03-31 12:00:00.0000000, 0.11
MAC000323,2012-03-31 12:30:00.0000000, 0.109
MAC000323,2012-03-31 13:00:00.0000000, 0.073
MAC000323,2012-03-31 13:30:00.0000000, 0.086
MAC000323,2012-03-31 14:00:00.0000000, 0.107
MAC000323,2012-03-31 14:30:00.0000000, 0.096
MAC000323,2012-03-31 15:00:00.0000000, 0.061
MAC000323,2012-03-31 15:30:00.0000000, 0.11
MAC000323,2012-03-31 16:00:00.0000000, 0.113
MAC000323,2012-03-31 16:30:00.0000000, 0.081
MAC000323,2012-03-31 17:00:00.0000000, 0.116
MAC000323,2012-03-31 17:30:00.0000000, 0.172
MAC000323,2012-03-31 18:00:00.0000000, 0.155
MAC000323,2012-03-31 18:30:00.0000000, 0.201
MAC000323,2012-03-31 19:00:00.0000000, 0.224
MAC000323,2012-03-31 19:30:00.0000000, 0.168
MAC000323,2012-03-31 20:00:00.0000000, 0.134
MAC000323,2012-03-31 20:30:00.0000000, 0.156
MAC000323,2012-03-31 21:00:00.0000000, 0.168
MAC000323,2012-03-31 21:30:00.0000000, 0.152
MAC000323,2012-03-31 22:00:00.0000000, 0.133
MAC000323,2012-03-31 22:30:00.0000000, 0.175
MAC000323,2012-03-31 23:00:00.0000000, 0.159
MAC000323,2012-03-31 23:30:00.0000000, 0.113
MAC000323,2012-04-01 00:00:00.0000000, 0.1
MAC000323,2012-04-01 00:30:00.0000000, 0.1
MAC000323,2012-04-01 01:00:00.0000000, 0.094
MAC000323,2012-04-01 01:30:00.0000000, 0.084
MAC000323,2012-04-01 02:00:00.0000000, 0.112
MAC000323,2012-04-01 02:30:00.0000000, 0.087
MAC000323,2012-04-01 03:00:00.0000000, 0.074
MAC000323,2012-04-01 03:30:00.0000000, 0.114
MAC000323,2012-04-01 04:00:00.0000000, 0.094
MAC000323,2012-04-01 04:30:00.0000000, 0.095
MAC000323,2012-04-01 05:00:00.0000000, 0.168
MAC000323,2012-04-01 05:30:00.0000000, 0.174
MAC000323,2012-04-01 06:00:00.0000000, 0.086
MAC000323,2012-04-01 06:30:00.0000000, 0.127
MAC000323,2012-04-01 07:00:00.0000000, 0.129
MAC000323,2012-04-01 07:30:00.0000000, 0.132
MAC000323,2012-04-01 08:00:00.0000000, 0.143
MAC000323,2012-04-01 08:30:00.0000000, 0.145
MAC000323,2012-04-01 09:00:00.0000000, 0.097
MAC000323,2012-04-01 09:30:00.0000000, 0.085
MAC000323,2012-04-01 10:00:00.0000000, 0.084
MAC000323,2012-04-01 10:30:00.0000000, 0.152
MAC000323,2012-04-01 11:00:00.0000000, 0.074
MAC000323,2012-04-01 11:30:00.0000000, 0.105
MAC000323,2012-04-01 12:00:00.0000000, 0.181
MAC000323,2012-04-01 12:30:00.0000000, 0.153
MAC000323,2012-04-01 13:00:00.0000000, 0.432
MAC000323,2012-04-01 13:30:00.0000000, 0.1
MAC000323,2012-04-01 14:00:00.0000000, 0.132
MAC000323,2012-04-01 14:30:00.0000000, 0.127
MAC000323,2012-04-01 15:00:00.0000000, 0.079
MAC000323,2012-04-01 15:30:00.0000000, 0.108
MAC000323,2012-04-01 16:00:00.0000000, 0.125
MAC000323,2012-04-01 16:30:00.0000000, 0.084
MAC000323,2012-04-01 17:00:00.0000000, 0.304
MAC000323,2012-04-01 17:30:00.0000000, 0.328
MAC000323,2012-04-01 18:00:00.0000000, 0.466
MAC000323,2012-04-01 18:30:00.0000000, 0.361
MAC000323,2012-04-01 19:00:00.0000000, 0.709
MAC000323,2012-04-01 19:30:00.0000000, 0.662
MAC000323,2012-04-01 20:00:00.0000000, 0.66
MAC000323,2012-04-01 20:30:00.0000000, 0.226
MAC000323,2012-04-01 21:00:00.0000000, 0.22
MAC000323,2012-04-01 21:30:00.0000000, 0.258
MAC000323,2012-04-01 22:00:00.0000000, 0.191
MAC000323,2012-04-01 22:30:00.0000000, 0.068
MAC000323,2012-04-01 23:00:00.0000000, 0.11
MAC000323,2012-04-01 23:30:00.0000000, 0.124
MAC000323,2012-04-02 00:00:00.0000000, 0.073
MAC000323,2012-04-02 00:30:00.0000000, 0.053
MAC000323,2012-04-02 01:00:00.0000000, 0.134
MAC000323,2012-04-02 01:30:00.0000000, 0.194
MAC000323,2012-04-02 02:00:00.0000000, 0.075
MAC000323,2012-04-02 02:30:00.0000000, 0.093
MAC000323,2012-04-02 03:00:00.0000000, 0.113
MAC000323,2012-04-02 03:30:00.0000000, 0.114
MAC000323,2012-04-02 04:00:00.0000000, 0.079
MAC000323,2012-04-02 04:30:00.0000000, 0.081
MAC000323,2012-04-02 05:00:00.0000000, 0.104
MAC000323,2012-04-02 05:30:00.0000000, 0.079
MAC000323,2012-04-02 06:00:00.0000000, 0.154
MAC000323,2012-04-02 06:30:00.0000000, 0.15
MAC000323,2012-04-02 07:00:00.0000000, 0.106
MAC000323,2012-04-02 07:30:00.0000000, 0.168
MAC000323,2012-04-02 08:00:00.0000000, 0.164
MAC000323,2012-04-02 08:30:00.0000000, 0.195
MAC000323,2012-04-02 09:00:00.0000000, 0.184
MAC000323,2012-04-02 09:30:00.0000000, 0.112
MAC000323,2012-04-02 10:00:00.0000000, 0.272
MAC000323,2012-04-02 10:30:00.0000000, 0.266
MAC000323,2012-04-02 11:00:00.0000000, 0.213
MAC000323,2012-04-02 11:30:00.0000000, 0.145
MAC000323,2012-04-02 12:00:00.0000000, 0.18
MAC000323,2012-04-02 12:30:00.0000000, 0.336
MAC000323,2012-04-02 13:00:00.0000000, 0.348
MAC000323,2012-04-02 13:30:00.0000000, 0.145
MAC000323,2012-04-02 14:00:00.0000000, 0.17
MAC000323,2012-04-02 14:30:00.0000000, 0.149
MAC000323,2012-04-02 15:00:00.0000000, 0.085
MAC000323,2012-04-02 15:30:00.0000000, 0.149
MAC000323,2012-04-02 16:00:00.0000000, 0.198
MAC000323,2012-04-02 16:30:00.0000000, 0.16
MAC000323,2012-04-02 17:00:00.0000000, 0.125
MAC000323,2012-04-02 17:30:00.0000000, 0.207
MAC000323,2012-04-02 18:00:00.0000000, 0.176
MAC000323,2012-04-02 18:30:00.0000000, 1.466
MAC000323,2012-04-02 19:00:00.0000000, 1.096
MAC000323,2012-04-02 19:30:00.0000000, 1.569
MAC000323,2012-04-02 20:00:00.0000000, 1.281
MAC000323,2012-04-02 20:30:00.0000000, 1.294
MAC000323,2012-04-02 21:00:00.0000000, 0.995
MAC000323,2012-04-02 21:30:00.0000000, 0.575
MAC000323,2012-04-02 22:00:00.0000000, 0.446
MAC000323,2012-04-02 22:30:00.0000000, 0.317
MAC000323,2012-04-02 23:00:00.0000000, 0.195
MAC000323,2012-04-02 23:30:00.0000000, 0.221
MAC000323,2012-04-03 00:00:00.0000000, 0.235
MAC000323,2012-04-03 00:30:00.0000000, 0.209
MAC000323,2012-04-03 01:00:00.0000000, 0.163
MAC000323,2012-04-03 01:30:00.0000000, 0.2
MAC000323,2012-04-03 02:00:00.0000000, 0.237
MAC000323,2012-04-03 02:30:00.0000000, 0.139
MAC000323,2012-04-03 03:00:00.0000000, 0.22
MAC000323,2012-04-03 03:30:00.0000000, 0.11
MAC000323,2012-04-03 04:00:00.0000000, 0.139
MAC000323,2012-04-03 04:30:00.0000000, 0.147
MAC000323,2012-04-03 05:00:00.0000000, 0.154
MAC000323,2012-04-03 05:30:00.0000000, 0.09
MAC000323,2012-04-03 06:00:00.0000000, 0.198
MAC000323,2012-04-03 06:30:00.0000000, 0.301
MAC000323,2012-04-03 07:00:00.0000000, 0.256
MAC000323,2012-04-03 07:30:00.0000000, 0.789
MAC000323,2012-04-03 08:00:00.0000000, 0.381
MAC000323,2012-04-03 08:30:00.0000000, 1.3
MAC000323,2012-04-03 09:00:00.0000000, 0.508
MAC000323,2012-04-03 09:30:00.0000000, 0.314
MAC000323,2012-04-03 10:00:00.0000000, 0.27
MAC000323,2012-04-03 10:30:00.0000000, 0.393
MAC000323,2012-04-03 11:00:00.0000000, 0.259
MAC000323,2012-04-03 11:30:00.0000000, 0.186
MAC000323,2012-04-03 12:00:00.0000000, 0.223
MAC000323,2012-04-03 12:30:00.0000000, 0.101
MAC000323,2012-04-03 13:00:00.0000000, 0.121
MAC000323,2012-04-03 13:30:00.0000000, 0.157
MAC000323,2012-04-03 14:00:00.0000000, 0.122
MAC000323,2012-04-03 14:30:00.0000000, 0.062
MAC000323,2012-04-03 15:00:00.0000000, 0.113
MAC000323,2012-04-03 15:30:00.0000000, 0.131
MAC000323,2012-04-03 16:00:00.0000000, 0.111
MAC000323,2012-04-03 16:30:00.0000000, 0.06
MAC000323,2012-04-03 17:00:00.0000000, 0.153
MAC000323,2012-04-03 17:30:00.0000000, 0.171
MAC000323,2012-04-03 18:00:00.0000000, 0.189
MAC000323,2012-04-03 18:30:00.0000000, 0.301
MAC000323,2012-04-03 19:00:00.0000000, 0.468
MAC000323,2012-04-03 19:30:00.0000000, 0.395
MAC000323,2012-04-03 20:00:00.0000000, 0.297
MAC000323,2012-04-03 20:30:00.0000000, 0.223
MAC000323,2012-04-03 21:00:00.0000000, 0.239
MAC000323,2012-04-03 21:30:00.0000000, 0.2
MAC000323,2012-04-03 22:00:00.0000000, 0.217
MAC000323,2012-04-03 22:30:00.0000000, 0.194
MAC000323,2012-04-03 23:00:00.0000000, 0.184
MAC000323,2012-04-03 23:30:00.0000000, 0.082
MAC000323,2012-04-04 00:00:00.0000000, 0.099
MAC000323,2012-04-04 00:30:00.0000000, 0.17
MAC000323,2012-04-04 01:00:00.0000000, 0.143
MAC000323,2012-04-04 01:30:00.0000000, 0.104
MAC000323,2012-04-04 02:00:00.0000000, 0.303
MAC000323,2012-04-04 02:30:00.0000000, 0.201
MAC000323,2012-04-04 03:00:00.0000000, 0.183
MAC000323,2012-04-04 03:30:00.0000000, 0.164
MAC000323,2012-04-04 04:00:00.0000000, 0.167
MAC000323,2012-04-04 04:30:00.0000000, 0.153
MAC000323,2012-04-04 05:00:00.0000000, 0.257
MAC000323,2012-04-04 05:30:00.0000000, 0.209
MAC000323,2012-04-04 06:00:00.0000000, 0.22
MAC000323,2012-04-04 06:30:00.0000000, 0.267
MAC000323,2012-04-04 07:00:00.0000000, 0.108
MAC000323,2012-04-04 07:30:00.0000000, 0.132
MAC000323,2012-04-04 08:00:00.0000000, 0.099
MAC000323,2012-04-04 08:30:00.0000000, 0.061
MAC000323,2012-04-04 09:00:00.0000000, 0.088
MAC000323,2012-04-04 09:30:00.0000000, 0.098
MAC000323,2012-04-04 10:00:00.0000000, 0.1
MAC000323,2012-04-04 10:30:00.0000000, 0.155
MAC000323,2012-04-04 11:00:00.0000000, 0.072
MAC000323,2012-04-04 11:30:00.0000000, 0.09
MAC000323,2012-04-04 12:00:00.0000000, 0.107
MAC000323,2012-04-04 12:30:00.0000000, 0.11
MAC000323,2012-04-04 13:00:00.0000000, 0.052
MAC000323,2012-04-04 13:30:00.0000000, 0.081
MAC000323,2012-04-04 14:00:00.0000000, 0.129
MAC000323,2012-04-04 14:30:00.0000000, 0.101
MAC000323,2012-04-04 15:00:00.0000000, 0.052
MAC000323,2012-04-04 15:30:00.0000000, 0.069
MAC000323,2012-04-04 16:00:00.0000000, 0.136
MAC000323,2012-04-04 16:30:00.0000000, 0.095
MAC000323,2012-04-04 17:00:00.0000000, 0.052
MAC000323,2012-04-04 17:30:00.0000000, 0.289
MAC000323,2012-04-04 18:00:00.0000000, 0.69
MAC000323,2012-04-04 18:30:00.0000000, 0.664
MAC000323,2012-04-04 19:00:00.0000000, 0.69
MAC000323,2012-04-04 19:30:00.0000000, 0.747
MAC000323,2012-04-04 20:00:00.0000000, 0.717
MAC000323,2012-04-04 20:30:00.0000000, 0.737
MAC000323,2012-04-04 21:00:00.0000000, 0.794
MAC000323,2012-04-04 21:30:00.0000000, 0.749
MAC000323,2012-04-04 22:00:00.0000000, 0.837
MAC000323,2012-04-04 22:30:00.0000000, 0.739
MAC000323,2012-04-04 23:00:00.0000000, 0.53
MAC000323,2012-04-04 23:30:00.0000000, 0.127
MAC000323,2012-04-05 00:00:00.0000000, 0.103
MAC000323,2012-04-05 00:30:00.0000000, 0.093
MAC000323,2012-04-05 01:00:00.0000000, 0.136
MAC000323,2012-04-05 01:30:00.0000000, 0.143
MAC000323,2012-04-05 02:00:00.0000000, 0.135
MAC000323,2012-04-05 02:30:00.0000000, 0.088
MAC000323,2012-04-05 03:00:00.0000000, 0.123
MAC000323,2012-04-05 03:30:00.0000000, 0.181
MAC000323,2012-04-05 04:00:00.0000000, 0.132
MAC000323,2012-04-05 04:30:00.0000000, 0.211
MAC000323,2012-04-05 05:00:00.0000000, 0.188
MAC000323,2012-04-05 05:30:00.0000000, 0.204
MAC000323,2012-04-05 06:00:00.0000000, 0.26
MAC000323,2012-04-05 06:30:00.0000000, 0.391
MAC000323,2012-04-05 07:00:00.0000000, 0.43
MAC000323,2012-04-05 07:30:00.0000000, 0.296
MAC000323,2012-04-05 08:00:00.0000000, 0.339
MAC000323,2012-04-05 08:30:00.0000000, 0.153
MAC000323,2012-04-05 09:00:00.0000000, 0.074
MAC000323,2012-04-05 09:30:00.0000000, 0.119
MAC000323,2012-04-05 10:00:00.0000000, 0.154
MAC000323,2012-04-05 10:30:00.0000000, 0.145
MAC000323,2012-04-05 11:00:00.0000000, 0.072
MAC000323,2012-04-05 11:30:00.0000000, 0.131
MAC000323,2012-04-05 12:00:00.0000000, 0.136
MAC000323,2012-04-05 12:30:00.0000000, 0.085
MAC000323,2012-04-05 13:00:00.0000000, 0.064
MAC000323,2012-04-05 13:30:00.0000000, 0.131
MAC000323,2012-04-05 14:00:00.0000000, 0.11
MAC000323,2012-04-05 14:30:00.0000000, 0.074
MAC000323,2012-04-05 15:00:00.0000000, 0.094
MAC000323,2012-04-05 15:30:00.0000000, 0.104
MAC000323,2012-04-05 16:00:00.0000000, 0.109
MAC000323,2012-04-05 16:30:00.0000000, 0.101
MAC000323,2012-04-05 17:00:00.0000000, 0.213
MAC000323,2012-04-05 17:30:00.0000000, 0.213
MAC000323,2012-04-05 18:00:00.0000000, 0.227
MAC000323,2012-04-05 18:30:00.0000000, 0.267
MAC000323,2012-04-05 19:00:00.0000000, 0.271
MAC000323,2012-04-05 19:30:00.0000000, 1.283
MAC000323,2012-04-05 20:00:00.0000000, 0.983
MAC000323,2012-04-05 20:30:00.0000000, 0.843
MAC000323,2012-04-05 21:00:00.0000000, 1.4119999
MAC000323,2012-04-05 21:30:00.0000000, 0.772
MAC000323,2012-04-05 22:00:00.0000000, 0.524
MAC000323,2012-04-05 22:30:00.0000000, 0.242
MAC000323,2012-04-05 23:00:00.0000000, 0.225
MAC000323,2012-04-05 23:30:00.0000000, 0.08
MAC000323,2012-04-06 00:00:00.0000000, 0.111
MAC000323,2012-04-06 00:30:00.0000000, 0.136
MAC000323,2012-04-06 01:00:00.0000000, 0.09
MAC000323,2012-04-06 01:30:00.0000000, 0.054
MAC000323,2012-04-06 02:00:00.0000000, 0.099
MAC000323,2012-04-06 02:30:00.0000000, 0.127
MAC000323,2012-04-06 03:00:00.0000000, 0.089
MAC000323,2012-04-06 03:30:00.0000000, 0.059
MAC000323,2012-04-06 04:00:00.0000000, 0.112
MAC000323,2012-04-06 04:30:00.0000000, 0.111
MAC000323,2012-04-06 05:00:00.0000000, 0.087
MAC000323,2012-04-06 05:30:00.0000000, 0.089
MAC000323,2012-04-06 06:00:00.0000000, 0.254
MAC000323,2012-04-06 06:30:00.0000000, 0.188
MAC000323,2012-04-06 07:00:00.0000000, 0.132
MAC000323,2012-04-06 07:30:00.0000000, 0.179
MAC000323,2012-04-06 08:00:00.0000000, 0.168
MAC000323,2012-04-06 08:30:00.0000000, 0.134
MAC000323,2012-04-06 09:00:00.0000000, 0.1
MAC000323,2012-04-06 09:30:00.0000000, 0.079
MAC000323,2012-04-06 10:00:00.0000000, 0.261
MAC000323,2012-04-06 10:30:00.0000000, 0.232
MAC000323,2012-04-06 11:00:00.0000000, 0.158
MAC000323,2012-04-06 11:30:00.0000000, 0.082
MAC000323,2012-04-06 12:00:00.0000000, 0.142
MAC000323,2012-04-06 12:30:00.0000000, 0.145
MAC000323,2012-04-06 13:00:00.0000000, 0.183
MAC000323,2012-04-06 13:30:00.0000000, 0.3
MAC000323,2012-04-06 14:00:00.0000000, 0.122
MAC000323,2012-04-06 14:30:00.0000000, 0.11
MAC000323,2012-04-06 15:00:00.0000000, 0.095
MAC000323,2012-04-06 15:30:00.0000000, 0.079
MAC000323,2012-04-06 16:00:00.0000000, 0.099
MAC000323,2012-04-06 16:30:00.0000000, 0.109
MAC000323,2012-04-06 17:00:00.0000000, 0.099
MAC000323,2012-04-06 17:30:00.0000000, 0.178
MAC000323,2012-04-06 18:00:00.0000000, 0.595
MAC000323,2012-04-06 18:30:00.0000000, 0.687
MAC000323,2012-04-06 19:00:00.0000000, 0.603
MAC000323,2012-04-06 19:30:00.0000000, 0.583
MAC000323,2012-04-06 20:00:00.0000000, 0.657
MAC000323,2012-04-06 20:30:00.0000000, 0.846
MAC000323,2012-04-06 21:00:00.0000000, 0.538
MAC000323,2012-04-06 21:30:00.0000000, 0.509
MAC000323,2012-04-06 22:00:00.0000000, 0.405
MAC000323,2012-04-06 22:30:00.0000000, 0.219
MAC000323,2012-04-06 23:00:00.0000000, 0.228
MAC000323,2012-04-06 23:30:00.0000000, 0.235
MAC000323,2012-04-07 00:00:00.0000000, 0.088
MAC000323,2012-04-07 00:30:00.0000000, 0.098
MAC000323,2012-04-07 01:00:00.0000000, 0.114
MAC000323,2012-04-07 01:30:00.0000000, 0.152
MAC000323,2012-04-07 02:00:00.0000000, 0.076
MAC000323,2012-04-07 02:30:00.0000000, 0.065
MAC000323,2012-04-07 03:00:00.0000000, 0.12
MAC000323,2012-04-07 03:30:00.0000000, 0.141
MAC000323,2012-04-07 04:00:00.0000000, 0.088
MAC000323,2012-04-07 04:30:00.0000000, 0.061
MAC000323,2012-04-07 05:00:00.0000000, 0.211
MAC000323,2012-04-07 05:30:00.0000000, 0.152
MAC000323,2012-04-07 06:00:00.0000000, 0.344
MAC000323,2012-04-07 06:30:00.0000000, 0.183
MAC000323,2012-04-07 07:00:00.0000000, 0.134
MAC000323,2012-04-07 07:30:00.0000000, 0.114
MAC000323,2012-04-07 08:00:00.0000000, 0.2
MAC000323,2012-04-07 08:30:00.0000000, 0.275
MAC000323,2012-04-07 09:00:00.0000000, 0.26
MAC000323,2012-04-07 09:30:00.0000000, 0.274
MAC000323,2012-04-07 10:00:00.0000000, 0.303
MAC000323,2012-04-07 10:30:00.0000000, 0.368
MAC000323,2012-04-07 11:00:00.0000000, 0.333
MAC000323,2012-04-07 11:30:00.0000000, 0.147
MAC000323,2012-04-07 12:00:00.0000000, 0.115
MAC000323,2012-04-07 12:30:00.0000000, 0.121
MAC000323,2012-04-07 13:00:00.0000000, 0.146
MAC000323,2012-04-07 13:30:00.0000000, 0.093
MAC000323,2012-04-07 14:00:00.0000000, 0.073
MAC000323,2012-04-07 14:30:00.0000000, 0.127
MAC000323,2012-04-07 15:00:00.0000000, 0.154
MAC000323,2012-04-07 15:30:00.0000000, 0.101
MAC000323,2012-04-07 16:00:00.0000000, 0.074
MAC000323,2012-04-07 16:30:00.0000000, 0.13
MAC000323,2012-04-07 17:00:00.0000000, 0.294
MAC000323,2012-04-07 17:30:00.0000000, 0.142
MAC000323,2012-04-07 18:00:00.0000000, 0.119
MAC000323,2012-04-07 18:30:00.0000000, 0.208
MAC000323,2012-04-07 19:00:00.0000000, 0.425
MAC000323,2012-04-07 19:30:00.0000000, 0.487
MAC000323,2012-04-07 20:00:00.0000000, 0.542
MAC000323,2012-04-07 20:30:00.0000000, 0.779
MAC000323,2012-04-07 21:00:00.0000000, 0.637
MAC000323,2012-04-07 21:30:00.0000000, 0.662
MAC000323,2012-04-07 22:00:00.0000000, 0.631
MAC000323,2012-04-07 22:30:00.0000000, 0.417
MAC000323,2012-04-07 23:00:00.0000000, 0.423
MAC000323,2012-04-07 23:30:00.0000000, 0.226
MAC000323,2012-04-08 00:00:00.0000000, 0.187
MAC000323,2012-04-08 00:30:00.0000000, 0.131
MAC000323,2012-04-08 01:00:00.0000000, 0.084
MAC000323,2012-04-08 01:30:00.0000000, 0.089
MAC000323,2012-04-08 02:00:00.0000000, 0.121
MAC000323,2012-04-08 02:30:00.0000000, 0.151
MAC000323,2012-04-08 03:00:00.0000000, 0.078
MAC000323,2012-04-08 03:30:00.0000000, 0.064
MAC000323,2012-04-08 04:00:00.0000000, 0.131
MAC000323,2012-04-08 04:30:00.0000000, 0.129
MAC000323,2012-04-08 05:00:00.0000000, 0.098
MAC000323,2012-04-08 05:30:00.0000000, 0.211
MAC000323,2012-04-08 06:00:00.0000000, 0.219
MAC000323,2012-04-08 06:30:00.0000000, 0.335
MAC000323,2012-04-08 07:00:00.0000000, 0.226
MAC000323,2012-04-08 07:30:00.0000000, 0.167
MAC000323,2012-04-08 08:00:00.0000000, 0.114
MAC000323,2012-04-08 08:30:00.0000000, 0.238
MAC000323,2012-04-08 09:00:00.0000000, 0.213
MAC000323,2012-04-08 09:30:00.0000000, 0.166
MAC000323,2012-04-08 10:00:00.0000000, 0.154
MAC000323,2012-04-08 10:30:00.0000000, 0.291
MAC000323,2012-04-08 11:00:00.0000000, 0.315
MAC000323,2012-04-08 11:30:00.0000000, 0.304
MAC000323,2012-04-08 12:00:00.0000000, 0.296
MAC000323,2012-04-08 12:30:00.0000000, 0.26
MAC000323,2012-04-08 13:00:00.0000000, 1.2640001
MAC000323,2012-04-08 13:30:00.0000000, 0.338
MAC000323,2012-04-08 14:00:00.0000000, 0.403
MAC000323,2012-04-08 14:30:00.0000000, 0.257
MAC000323,2012-04-08 15:00:00.0000000, 0.27
MAC000323,2012-04-08 15:30:00.0000000, 0.265
MAC000323,2012-04-08 16:00:00.0000000, 1.048
MAC000323,2012-04-08 16:30:00.0000000, 0.323
MAC000323,2012-04-08 17:00:00.0000000, 0.981
MAC000323,2012-04-08 17:30:00.0000000, 0.233
MAC000323,2012-04-08 18:00:00.0000000, 0.257
MAC000323,2012-04-08 18:30:00.0000000, 0.329
MAC000323,2012-04-08 19:00:00.0000000, 0.277
MAC000323,2012-04-08 19:30:00.0000000, 0.397
MAC000323,2012-04-08 20:00:00.0000000, 0.534
MAC000323,2012-04-08 20:30:00.0000000, 0.503
MAC000323,2012-04-08 21:00:00.0000000, 0.348
MAC000323,2012-04-08 21:30:00.0000000, 0.326
MAC000323,2012-04-08 22:00:00.0000000, 0.137
MAC000323,2012-04-08 22:30:00.0000000, 0.081
MAC000323,2012-04-08 23:00:00.0000000, 0.118
MAC000323,2012-04-08 23:30:00.0000000, 0.161
MAC000323,2012-04-09 00:00:00.0000000, 0.128
MAC000323,2012-04-09 00:30:00.0000000, 0.089
MAC000323,2012-04-09 01:00:00.0000000, 0.071
MAC000323,2012-04-09 01:30:00.0000000, 0.129
MAC000323,2012-04-09 02:00:00.0000000, 0.115
MAC000323,2012-04-09 02:30:00.0000000, 0.114
MAC000323,2012-04-09 03:00:00.0000000, 0.115
MAC000323,2012-04-09 03:30:00.0000000, 0.079
MAC000323,2012-04-09 04:00:00.0000000, 0.099
MAC000323,2012-04-09 04:30:00.0000000, 0.122
MAC000323,2012-04-09 05:00:00.0000000, 0.152
MAC000323,2012-04-09 05:30:00.0000000, 0.095
MAC000323,2012-04-09 06:00:00.0000000, 0.139
MAC000323,2012-04-09 06:30:00.0000000, 0.246
MAC000323,2012-04-09 07:00:00.0000000, 0.314
MAC000323,2012-04-09 07:30:00.0000000, 0.161
MAC000323,2012-04-09 08:00:00.0000000, 0.17
MAC000323,2012-04-09 08:30:00.0000000, 0.133
MAC000323,2012-04-09 09:00:00.0000000, 0.165
MAC000323,2012-04-09 09:30:00.0000000, 0.228
MAC000323,2012-04-09 10:00:00.0000000, 0.22
MAC000323,2012-04-09 10:30:00.0000000, 0.232
MAC000323,2012-04-09 11:00:00.0000000, 0.158
MAC000323,2012-04-09 11:30:00.0000000, 0.119
MAC000323,2012-04-09 12:00:00.0000000, 0.15
MAC000323,2012-04-09 12:30:00.0000000, 0.182
MAC000323,2012-04-09 13:00:00.0000000, 0.171
MAC000323,2012-04-09 13:30:00.0000000, 0.109
MAC000323,2012-04-09 14:00:00.0000000, 0.099
MAC000323,2012-04-09 14:30:00.0000000, 0.161
MAC000323,2012-04-09 15:00:00.0000000, 0.175
MAC000323,2012-04-09 15:30:00.0000000, 0.145
MAC000323,2012-04-09 16:00:00.0000000, 0.114
MAC000323,2012-04-09 16:30:00.0000000, 0.296
MAC000323,2012-04-09 17:00:00.0000000, 0.241
MAC000323,2012-04-09 17:30:00.0000000, 0.237
MAC000323,2012-04-09 18:00:00.0000000, 0.291
MAC000323,2012-04-09 18:30:00.0000000, 0.378
MAC000323,2012-04-09 19:00:00.0000000, 0.505
MAC000323,2012-04-09 19:30:00.0000000, 0.924
MAC000323,2012-04-09 20:00:00.0000000, 0.924
MAC000323,2012-04-09 20:30:00.0000000, 0.894
MAC000323,2012-04-09 21:00:00.0000000, 0.854
MAC000323,2012-04-09 21:30:00.0000000, 0.22
MAC000323,2012-04-09 22:00:00.0000000, 0.097
MAC000323,2012-04-09 22:30:00.0000000, 0.15
MAC000323,2012-04-09 23:00:00.0000000, 0.168
MAC000323,2012-04-09 23:30:00.0000000, 0.116
MAC000323,2012-04-10 00:00:00.0000000, 0.09
MAC000323,2012-04-10 00:30:00.0000000, 0.088
MAC000323,2012-04-10 01:00:00.0000000, 0.088
MAC000323,2012-04-10 01:30:00.0000000, 0.107
MAC000323,2012-04-10 02:00:00.0000000, 0.106
MAC000323,2012-04-10 02:30:00.0000000, 0.121
MAC000323,2012-04-10 03:00:00.0000000, 0.163
MAC000323,2012-04-10 03:30:00.0000000, 0.106
MAC000323,2012-04-10 04:00:00.0000000, 0.135
MAC000323,2012-04-10 04:30:00.0000000, 0.172
MAC000323,2012-04-10 05:00:00.0000000, 0.109
MAC000323,2012-04-10 05:30:00.0000000, 0.067
MAC000323,2012-04-10 06:00:00.0000000, 0.262
MAC000323,2012-04-10 06:30:00.0000000, 0.302
MAC000323,2012-04-10 07:00:00.0000000, 0.235
MAC000323,2012-04-10 07:30:00.0000000, 0.11
MAC000323,2012-04-10 08:00:00.0000000, 0.576
MAC000323,2012-04-10 08:30:00.0000000, 0.921
MAC000323,2012-04-10 09:00:00.0000000, 0.291
MAC000323,2012-04-10 09:30:00.0000000, 0.257
MAC000323,2012-04-10 10:00:00.0000000, 0.35
MAC000323,2012-04-10 10:30:00.0000000, 0.326
MAC000323,2012-04-10 11:00:00.0000000, 0.235
MAC000323,2012-04-10 11:30:00.0000000, 0.126
MAC000323,2012-04-10 12:00:00.0000000, 0.121
MAC000323,2012-04-10 12:30:00.0000000, 0.118
MAC000323,2012-04-10 13:00:00.0000000, 0.203
MAC000323,2012-04-10 13:30:00.0000000, 0.169
MAC000323,2012-04-10 14:00:00.0000000, 0.18
MAC000323,2012-04-10 14:30:00.0000000, 0.58
MAC000323,2012-04-10 15:00:00.0000000, 0.357
MAC000323,2012-04-10 15:30:00.0000000, 0.383
MAC000323,2012-04-10 16:00:00.0000000, 0.44
MAC000323,2012-04-10 16:30:00.0000000, 0.406
MAC000323,2012-04-10 17:00:00.0000000, 0.517
MAC000323,2012-04-10 17:30:00.0000000, 0.525
MAC000323,2012-04-10 18:00:00.0000000, 0.59
MAC000323,2012-04-10 18:30:00.0000000, 0.53
MAC000323,2012-04-10 19:00:00.0000000, 1.5420001
MAC000323,2012-04-10 19:30:00.0000000, 0.945
MAC000323,2012-04-10 20:00:00.0000000, 0.988
MAC000323,2012-04-10 20:30:00.0000000, 0.904
MAC000323,2012-04-10 21:00:00.0000000, 0.299
MAC000323,2012-04-10 21:30:00.0000000, 0.307
MAC000323,2012-04-10 22:00:00.0000000, 0.149
MAC000323,2012-04-10 22:30:00.0000000, 0.116
MAC000323,2012-04-10 23:00:00.0000000, 0.217
MAC000323,2012-04-10 23:30:00.0000000, 0.226
MAC000323,2012-04-11 00:00:00.0000000, 0.188
MAC000323,2012-04-11 00:30:00.0000000, 0.267
MAC000323,2012-04-11 01:00:00.0000000, 0.231
MAC000323,2012-04-11 01:30:00.0000000, 0.222
MAC000323,2012-04-11 02:00:00.0000000, 0.134
MAC000323,2012-04-11 02:30:00.0000000, 0.127
MAC000323,2012-04-11 03:00:00.0000000, 0.121
MAC000323,2012-04-11 03:30:00.0000000, 0.161
MAC000323,2012-04-11 04:00:00.0000000, 0.123
MAC000323,2012-04-11 04:30:00.0000000, 0.139
MAC000323,2012-04-11 05:00:00.0000000, 0.216
MAC000323,2012-04-11 05:30:00.0000000, 0.068
MAC000323,2012-04-11 06:00:00.0000000, 0.166
MAC000323,2012-04-11 06:30:00.0000000, 0.336
MAC000323,2012-04-11 07:00:00.0000000, 0.224
MAC000323,2012-04-11 07:30:00.0000000, 0.097
MAC000323,2012-04-11 08:00:00.0000000, 0.068
MAC000323,2012-04-11 08:30:00.0000000, 0.11
MAC000323,2012-04-11 09:00:00.0000000, 0.148
MAC000323,2012-04-11 09:30:00.0000000, 0.11
MAC000323,2012-04-11 10:00:00.0000000, 0.134
MAC000323,2012-04-11 10:30:00.0000000, 0.183
MAC000323,2012-04-11 11:00:00.0000000, 0.342
MAC000323,2012-04-11 11:30:00.0000000, 0.116
MAC000323,2012-04-11 12:00:00.0000000, 0.092
MAC000323,2012-04-11 12:30:00.0000000, 0.097
MAC000323,2012-04-11 13:00:00.0000000, 0.118
MAC000323,2012-04-11 13:30:00.0000000, 0.117
MAC000323,2012-04-11 14:00:00.0000000, 0.302
MAC000323,2012-04-11 14:30:00.0000000, 0.317
MAC000323,2012-04-11 15:00:00.0000000, 0.355
MAC000323,2012-04-11 15:30:00.0000000, 0.365
MAC000323,2012-04-11 16:00:00.0000000, 0.359
MAC000323,2012-04-11 16:30:00.0000000, 0.307
MAC000323,2012-04-11 17:00:00.0000000, 0.434
MAC000323,2012-04-11 17:30:00.0000000, 0.445
MAC000323,2012-04-11 18:00:00.0000000, 0.499
MAC000323,2012-04-11 18:30:00.0000000, 0.324
MAC000323,2012-04-11 19:00:00.0000000, 0.293
MAC000323,2012-04-11 19:30:00.0000000, 0.654
MAC000323,2012-04-11 20:00:00.0000000, 0.694
MAC000323,2012-04-11 20:30:00.0000000, 0.983
MAC000323,2012-04-11 21:00:00.0000000, 0.751
MAC000323,2012-04-11 21:30:00.0000000, 1.243
MAC000323,2012-04-11 22:00:00.0000000, 0.374
MAC000323,2012-04-11 22:30:00.0000000, 0.249
MAC000323,2012-04-11 23:00:00.0000000, 0.146
MAC000323,2012-04-11 23:30:00.0000000, 0.138
MAC000323,2012-04-12 00:00:00.0000000, 0.141
MAC000323,2012-04-12 00:30:00.0000000, 0.152
MAC000323,2012-04-12 01:00:00.0000000, 0.19
MAC000323,2012-04-12 01:30:00.0000000, 0.072
MAC000323,2012-04-12 02:00:00.0000000, 0.072
MAC000323,2012-04-12 02:30:00.0000000, 0.122
MAC000323,2012-04-12 03:00:00.0000000, 0.152
MAC000323,2012-04-12 03:30:00.0000000, 0.087
MAC000323,2012-04-12 04:00:00.0000000, 0.07
MAC000323,2012-04-12 04:30:00.0000000, 0.116
MAC000323,2012-04-12 05:00:00.0000000, 0.231
MAC000323,2012-04-12 05:30:00.0000000, 0.097
MAC000323,2012-04-12 06:00:00.0000000, 0.137
MAC000323,2012-04-12 06:30:00.0000000, 0.166
MAC000323,2012-04-12 07:00:00.0000000, 0.14
MAC000323,2012-04-12 07:30:00.0000000, 0.109
MAC000323,2012-04-12 08:00:00.0000000, 0.478
MAC000323,2012-04-12 08:30:00.0000000, 0.443
MAC000323,2012-04-12 09:00:00.0000000, 0.192
MAC000323,2012-04-12 09:30:00.0000000, 0.201
MAC000323,2012-04-12 10:00:00.0000000, 0.16
MAC000323,2012-04-12 10:30:00.0000000, 0.153
MAC000323,2012-04-12 11:00:00.0000000, 0.12
MAC000323,2012-04-12 11:30:00.0000000, 0.247
MAC000323,2012-04-12 12:00:00.0000000, 0.68
MAC000323,2012-04-12 12:30:00.0000000, 0.656
MAC000323,2012-04-12 13:00:00.0000000, 0.256
MAC000323,2012-04-12 13:30:00.0000000, 0.189
MAC000323,2012-04-12 14:00:00.0000000, 0.173
MAC000323,2012-04-12 14:30:00.0000000, 0.142
MAC000323,2012-04-12 15:00:00.0000000, 0.482
MAC000323,2012-04-12 15:30:00.0000000, 0.454
MAC000323,2012-04-12 16:00:00.0000000, 0.421
MAC000323,2012-04-12 16:30:00.0000000, 0.418
MAC000323,2012-04-12 17:00:00.0000000, 0.414
MAC000323,2012-04-12 17:30:00.0000000, 0.39
MAC000323,2012-04-12 18:00:00.0000000, 0.611
MAC000323,2012-04-12 18:30:00.0000000, 0.646
MAC000323,2012-04-12 19:00:00.0000000, 0.789
MAC000323,2012-04-12 19:30:00.0000000, 0.571
MAC000323,2012-04-12 20:00:00.0000000, 0.504
MAC000323,2012-04-12 20:30:00.0000000, 0.515
MAC000323,2012-04-12 21:00:00.0000000, 0.385
MAC000323,2012-04-12 21:30:00.0000000, 0.303
MAC000323,2012-04-12 22:00:00.0000000, 0.1
MAC000323,2012-04-12 22:30:00.0000000, 0.093
MAC000323,2012-04-12 23:00:00.0000000, 0.173
MAC000323,2012-04-12 23:30:00.0000000, 0.162
MAC000323,2012-04-13 00:00:00.0000000, 0.102
MAC000323,2012-04-13 00:30:00.0000000, 0.077
MAC000323,2012-04-13 01:00:00.0000000, 0.148
MAC000323,2012-04-13 01:30:00.0000000, 0.113
MAC000323,2012-04-13 02:00:00.0000000, 0.085
MAC000323,2012-04-13 02:30:00.0000000, 0.097
MAC000323,2012-04-13 03:00:00.0000000, 0.244
MAC000323,2012-04-13 03:30:00.0000000, 0.148
MAC000323,2012-04-13 04:00:00.0000000, 0.149
MAC000323,2012-04-13 04:30:00.0000000, 0.184
MAC000323,2012-04-13 05:00:00.0000000, 0.186
MAC000323,2012-04-13 05:30:00.0000000, 1.028
MAC000323,2012-04-13 06:00:00.0000000, 0.592
MAC000323,2012-04-13 06:30:00.0000000, 0.408
MAC000323,2012-04-13 07:00:00.0000000, 0.369
MAC000323,2012-04-13 07:30:00.0000000, 0.411
MAC000323,2012-04-13 08:00:00.0000000, 0.368
MAC000323,2012-04-13 08:30:00.0000000, 0.312
MAC000323,2012-04-13 09:00:00.0000000, 0.322
MAC000323,2012-04-13 09:30:00.0000000, 0.397
MAC000323,2012-04-13 10:00:00.0000000, 0.437
MAC000323,2012-04-13 10:30:00.0000000, 0.37
MAC000323,2012-04-13 11:00:00.0000000, 0.289
MAC000323,2012-04-13 11:30:00.0000000, 0.18
MAC000323,2012-04-13 12:00:00.0000000, 0.456
MAC000323,2012-04-13 12:30:00.0000000, 1.085
MAC000323,2012-04-13 13:00:00.0000000, 0.569
MAC000323,2012-04-13 13:30:00.0000000, 1.0549999